customer_id,tenure_months,monthly_charges,contract_type,payment_method,num_complaints,churn
C000000,51,85.09,one-year,credit-card,1,0
C000001,8,110.97,month-to-month,credit-card,0,1
C000002,31,29.07,one-year,bank-transfer,0,0
C000003,29,83.06,two-year,electronic-check,3,0
C000004,7,117.63,two-year,credit-card,0,0
C000005,19,74.07,month-to-month,electronic-check,0,1
C000006,25,57.24,two-year,electronic-check,1,0
C000007,27,69.64,two-year,electronic-check,0,0
C000008,59,56.16,one-year,credit-card,1,0
C000009,11,77.44,two-year,electronic-check,0,0
C000010,37,80.9,one-year,credit-card,0,0
C000011,44,35.2,one-year,bank-transfer,0,0
C000012,72,77.3,two-year,bank-transfer,0,0
C000013,59,26.88,one-year,credit-card,3,0
C000014,9,26.07,one-year,electronic-check,0,0
C000015,58,48.46,two-year,bank-transfer,2,0
C000016,60,55.55,one-year,electronic-check,0,1
C000017,37,32.93,month-to-month,credit-card,0,1
C000018,58,60.16,one-year,bank-transfer,2,1
C000019,36,90.64,one-year,bank-transfer,0,0
C000020,20,28.3,one-year,credit-card,0,0
C000021,24,46.27,month-to-month,credit-card,0,1
C000022,41,115.31,two-year,electronic-check,2,0
C000023,7,65.66,two-year,electronic-check,1,0
C000024,51,30.35,one-year,electronic-check,0,0
C000025,27,64.06,month-to-month,credit-card,0,1
C000026,20,73.66,month-to-month,bank-transfer,0,1
C000027,49,34.86,month-to-month,bank-transfer,3,0
C000028,16,31.54,two-year,bank-transfer,5,0
C000029,40,28.59,one-year,credit-card,1,0
C000030,21,71.63,two-year,credit-card,3,0
C000031,70,111.41,two-year,electronic-check,0,0
C000032,34,71.84,two-year,credit-card,0,0
C000033,65,52.97,month-to-month,credit-card,0,0
C000034,52,93.99,month-to-month,credit-card,0,0
C000035,4,118.96,one-year,bank-transfer,0,0
C000036,45,64.72,month-to-month,electronic-check,4,0
C000037,14,42.68,one-year,credit-card,0,1
C000038,1,67.95,one-year,electronic-check,0,0
C000039,16,110.98,two-year,electronic-check,1,0
C000040,56,98.91,one-year,bank-transfer,0,0
C000041,52,94.34,two-year,credit-card,1,0
C000042,4,35.12,month-to-month,bank-transfer,1,0
C000043,61,85.73,month-to-month,bank-transfer,0,0
C000044,2,99.94,two-year,electronic-check,0,0
C000045,18,63.38,two-year,credit-card,1,0
C000046,28,49.3,month-to-month,credit-card,1,1
C000047,54,103.42,one-year,credit-card,2,0
C000048,67,62.06,one-year,electronic-check,0,0
C000049,3,107.28,month-to-month,credit-card,0,0
C000050,61,81.91,month-to-month,credit-card,0,1
C000051,68,75.54,one-year,credit-card,2,0
C000052,36,24.22,month-to-month,credit-card,0,1
C000053,9,64.32,two-year,electronic-check,4,1
C000054,36,65.23,two-year,electronic-check,1,0
C000055,67,107.65,two-year,bank-transfer,2,0
C000056,18,61.66,month-to-month,bank-transfer,0,0
C000057,55,27.31,month-to-month,electronic-check,0,0
C000058,20,113.95,month-to-month,electronic-check,0,0
C000059,18,116.75,month-to-month,credit-card,1,1
C000060,63,36.28,month-to-month,electronic-check,1,1
C000061,66,60.38,month-to-month,bank-transfer,0,0
C000062,47,21.95,one-year,electronic-check,0,1
C000063,43,71.74,two-year,bank-transfer,0,1
C000064,30,117.17,month-to-month,credit-card,0,1
C000065,24,47.04,one-year,credit-card,1,1
C000066,34,60.59,two-year,electronic-check,2,0
C000067,42,28.95,two-year,credit-card,1,0
C000068,10,46.89,month-to-month,credit-card,0,1
C000069,29,26.66,one-year,credit-card,0,1
C000070,54,112.67,one-year,bank-transfer,0,0
C000071,31,113.81,month-to-month,credit-card,0,0
C000072,40,82.87,month-to-month,electronic-check,1,1
C000073,23,47.05,one-year,credit-card,5,0
C000074,65,75.1,month-to-month,credit-card,0,1
C000075,14,85.83,month-to-month,electronic-check,0,0
C000076,51,117.03,one-year,bank-transfer,0,0
C000077,18,60.47,month-to-month,bank-transfer,4,1
C000078,33,63.07,month-to-month,credit-card,0,1
C000079,37,79.88,one-year,electronic-check,0,0
C000080,35,64.58,one-year,bank-transfer,0,0
C000081,71,52.35,one-year,credit-card,3,0
C000082,24,20.11,one-year,bank-transfer,0,0
C000083,26,44.82,one-year,credit-card,0,0
C000084,6,59.4,month-to-month,bank-transfer,0,1
C000085,68,105.32,month-to-month,credit-card,0,1
C000086,50,96.43,two-year,electronic-check,4,0
C000087,19,24.38,month-to-month,electronic-check,2,1
C000088,65,33.93,two-year,electronic-check,1,0
C000089,3,102.64,two-year,electronic-check,1,0
C000090,30,28.51,two-year,credit-card,0,0
C000091,49,103.58,one-year,electronic-check,0,0
C000092,32,68.93,month-to-month,credit-card,0,0
C000093,65,109.79,month-to-month,credit-card,0,0
C000094,61,45.22,month-to-month,credit-card,1,0
C000095,27,43.07,month-to-month,electronic-check,4,0
C000096,10,67.9,one-year,electronic-check,0,0
C000097,26,27.75,month-to-month,credit-card,0,0
C000098,39,82.12,two-year,credit-card,0,0
C000099,13,89.22,month-to-month,electronic-check,0,0
C000100,60,66.59,two-year,credit-card,5,0
C000101,11,113.63,two-year,credit-card,0,0
C000102,58,119.4,month-to-month,bank-transfer,0,0
C000103,12,34.17,month-to-month,electronic-check,0,1
C000104,66,47.96,one-year,credit-card,1,1
C000105,63,59.41,month-to-month,credit-card,0,0
C000106,52,50.2,one-year,credit-card,0,0
C000107,43,20.17,one-year,bank-transfer,1,0
C000108,26,91.3,month-to-month,electronic-check,0,0
C000109,50,119.88,one-year,electronic-check,0,1
C000110,7,48.06,one-year,credit-card,1,0
C000111,20,44.93,one-year,bank-transfer,0,0
C000112,48,98.51,one-year,bank-transfer,2,0
C000113,71,74.92,two-year,electronic-check,0,0
C000114,18,84.45,two-year,bank-transfer,0,0
C000115,61,61.49,two-year,bank-transfer,0,0
C000116,34,60.62,two-year,credit-card,0,0
C000117,16,36.73,two-year,credit-card,0,0
C000118,64,75.04,two-year,bank-transfer,2,0
C000119,71,39.24,one-year,credit-card,0,0
C000120,31,56.83,two-year,electronic-check,0,0
C000121,53,58.28,month-to-month,electronic-check,0,0
C000122,8,69.81,one-year,electronic-check,3,0
C000123,68,82.96,month-to-month,credit-card,0,0
C000124,58,63.18,month-to-month,bank-transfer,1,1
C000125,55,90.95,month-to-month,bank-transfer,3,1
C000126,51,113.02,one-year,electronic-check,2,1
C000127,14,42.38,one-year,credit-card,0,0
C000128,59,28.5,two-year,credit-card,0,0
C000129,5,84.55,month-to-month,bank-transfer,3,1
C000130,56,89.86,two-year,credit-card,0,0
C000131,25,58.81,one-year,credit-card,1,0
C000132,39,119.64,month-to-month,bank-transfer,3,1
C000133,32,67.53,two-year,credit-card,0,0
C000134,40,25.53,month-to-month,credit-card,0,0
C000135,11,45.73,two-year,electronic-check,0,0
C000136,5,89.58,one-year,electronic-check,0,0
C000137,1,99.71,two-year,electronic-check,1,0
C000138,26,51.17,month-to-month,credit-card,0,1
C000139,38,30.9,month-to-month,electronic-check,0,1
C000140,63,61.7,month-to-month,electronic-check,0,0
C000141,51,25.44,two-year,credit-card,4,0
C000142,8,38.41,month-to-month,bank-transfer,2,1
C000143,11,113.16,one-year,bank-transfer,0,0
C000144,60,23.19,two-year,electronic-check,1,0
C000145,57,36.93,one-year,credit-card,0,0
C000146,16,76.11,month-to-month,credit-card,0,1
C000147,56,28.78,one-year,electronic-check,0,0
C000148,58,39.3,one-year,bank-transfer,1,0
C000149,53,44.8,one-year,electronic-check,1,1
C000150,60,26.26,month-to-month,credit-card,0,1
C000151,44,56.3,two-year,bank-transfer,3,0
C000152,41,112.42,two-year,bank-transfer,0,1
C000153,9,22.43,two-year,credit-card,0,0
C000154,50,98.98,two-year,bank-transfer,1,0
C000155,24,20.87,month-to-month,electronic-check,0,0
C000156,31,52.78,two-year,bank-transfer,0,0
C000157,26,59.17,two-year,credit-card,0,0
C000158,62,75.26,month-to-month,bank-transfer,0,0
C000159,10,46.49,one-year,credit-card,0,0
C000160,58,37.32,one-year,credit-card,0,0
C000161,31,94.8,two-year,electronic-check,1,0
C000162,35,57.3,one-year,electronic-check,0,0
C000163,32,43.55,one-year,bank-transfer,2,0
C000164,9,59.61,two-year,credit-card,0,0
C000165,13,85.33,month-to-month,credit-card,0,0
C000166,30,104.06,one-year,bank-transfer,0,0
C000167,7,38.96,one-year,electronic-check,0,0
C000168,23,64.91,month-to-month,bank-transfer,1,1
C000169,14,83.75,two-year,electronic-check,0,0
C000170,44,34.14,month-to-month,credit-card,5,1
C000171,27,101.47,month-to-month,bank-transfer,0,0
C000172,40,27.79,one-year,credit-card,1,0
C000173,53,30.14,two-year,bank-transfer,0,0
C000174,12,85.31,month-to-month,bank-transfer,0,0
C000175,40,61.78,one-year,credit-card,0,0
C000176,54,61.64,two-year,bank-transfer,0,0
C000177,27,114.2,one-year,bank-transfer,2,0
C000178,12,60.62,one-year,bank-transfer,0,1
C000179,7,75.15,month-to-month,electronic-check,1,1
C000180,48,93.72,one-year,credit-card,0,1
C000181,22,112.55,one-year,credit-card,0,0
C000182,6,117.55,month-to-month,bank-transfer,0,1
C000183,50,28.63,two-year,electronic-check,0,0
C000184,29,82.11,month-to-month,electronic-check,1,0
C000185,28,24.17,one-year,electronic-check,0,0
C000186,32,117.07,one-year,credit-card,0,1
C000187,5,86.79,two-year,bank-transfer,0,0
C000188,40,84.9,two-year,bank-transfer,0,0
C000189,48,64.68,one-year,bank-transfer,0,0
C000190,63,66.53,month-to-month,bank-transfer,1,0
C000191,61,60.03,one-year,credit-card,0,0
C000192,57,70.43,one-year,electronic-check,0,0
C000193,41,97.76,two-year,electronic-check,0,0
C000194,18,22.59,two-year,credit-card,5,0
C000195,15,39.37,two-year,bank-transfer,0,0
C000196,29,26.55,month-to-month,bank-transfer,0,0
C000197,36,110.51,one-year,bank-transfer,0,0
C000198,62,40.83,two-year,bank-transfer,0,0
C000199,5,39.89,month-to-month,bank-transfer,0,1
C000200,49,36.87,one-year,bank-transfer,0,0
C000201,47,116.62,two-year,bank-transfer,0,1
C000202,14,45.2,two-year,electronic-check,0,0
C000203,48,46.48,one-year,bank-transfer,0,0
C000204,11,64.23,one-year,credit-card,0,0
C000205,67,45.37,month-to-month,electronic-check,3,1
C000206,41,93.3,two-year,electronic-check,0,0
C000207,56,61.77,month-to-month,bank-transfer,2,1
C000208,6,22.23,month-to-month,credit-card,0,0
C000209,46,73.41,one-year,bank-transfer,0,1
C000210,47,82.39,two-year,bank-transfer,0,0
C000211,32,90.75,month-to-month,bank-transfer,0,0
C000212,35,60.2,two-year,bank-transfer,3,0
C000213,72,109.27,month-to-month,electronic-check,0,0
C000214,67,93.35,one-year,credit-card,0,0
C000215,69,22.52,month-to-month,credit-card,0,1
C000216,14,21.24,month-to-month,electronic-check,0,0
C000217,26,71.83,month-to-month,electronic-check,0,1
C000218,23,70.86,two-year,credit-card,0,0
C000219,62,91.54,month-to-month,credit-card,0,0
C000220,60,28.05,one-year,electronic-check,0,0
C000221,34,43.23,month-to-month,credit-card,0,0
C000222,34,91.17,two-year,bank-transfer,0,0
C000223,67,117.19,two-year,bank-transfer,0,0
C000224,65,21.52,month-to-month,bank-transfer,2,1
C000225,21,94.62,two-year,bank-transfer,0,0
C000226,31,57.94,one-year,electronic-check,2,0
C000227,69,66.95,two-year,electronic-check,0,0
C000228,30,77.03,month-to-month,bank-transfer,1,1
C000229,10,76.52,one-year,credit-card,0,0
C000230,21,54.49,month-to-month,credit-card,1,1
C000231,6,89.7,month-to-month,electronic-check,0,1
C000232,26,101.76,two-year,electronic-check,2,0
C000233,50,30.71,month-to-month,credit-card,0,0
C000234,12,102.51,month-to-month,electronic-check,0,1
C000235,13,99.2,one-year,electronic-check,0,1
C000236,34,22.09,one-year,bank-transfer,3,0
C000237,48,111.03,month-to-month,electronic-check,0,0
C000238,4,98.91,one-year,credit-card,0,0
C000239,7,73.79,month-to-month,credit-card,1,1
C000240,37,37.04,month-to-month,credit-card,0,0
C000241,7,20.44,one-year,bank-transfer,0,0
C000242,24,116.72,two-year,electronic-check,0,0
C000243,21,48.37,two-year,credit-card,3,0
C000244,15,113.87,month-to-month,credit-card,0,0
C000245,14,82.79,two-year,bank-transfer,0,0
C000246,12,62.21,one-year,electronic-check,0,0
C000247,55,110.12,month-to-month,electronic-check,0,1
C000248,59,32.69,two-year,electronic-check,1,0
C000249,45,78.16,two-year,electronic-check,0,0
C000250,42,36.96,one-year,bank-transfer,0,0
C000251,17,53.41,one-year,electronic-check,2,0
C000252,35,50.15,month-to-month,electronic-check,1,0
C000253,20,117.48,two-year,electronic-check,0,0
C000254,31,52.81,two-year,credit-card,0,0
C000255,22,116.24,two-year,credit-card,0,0
C000256,39,93.33,month-to-month,bank-transfer,0,0
C000257,14,48.08,month-to-month,bank-transfer,0,0
C000258,56,89.34,month-to-month,electronic-check,4,1
C000259,19,45.72,one-year,electronic-check,0,0
C000260,56,90.12,two-year,electronic-check,1,0
C000261,30,87.96,one-year,electronic-check,0,0
C000262,13,109.47,one-year,credit-card,1,0
C000263,21,45.01,two-year,bank-transfer,0,0
C000264,53,71.83,month-to-month,electronic-check,3,0
C000265,42,97.82,month-to-month,bank-transfer,1,0
C000266,70,41.79,month-to-month,electronic-check,1,1
C000267,13,104.72,month-to-month,bank-transfer,0,0
C000268,3,83.93,two-year,bank-transfer,0,0
C000269,59,41.01,one-year,electronic-check,0,0
C000270,16,92.91,two-year,electronic-check,0,0
C000271,49,59.97,month-to-month,credit-card,0,1
C000272,46,78.02,one-year,credit-card,0,0
C000273,68,117.15,two-year,bank-transfer,0,0
C000274,9,100.96,month-to-month,electronic-check,0,1
C000275,29,101.46,two-year,credit-card,0,0
C000276,53,66.81,two-year,bank-transfer,1,0
C000277,61,55.47,two-year,credit-card,0,0
C000278,55,87.88,one-year,bank-transfer,0,0
C000279,46,44.5,two-year,bank-transfer,0,0
C000280,11,85.93,one-year,bank-transfer,0,0
C000281,8,28.53,one-year,electronic-check,2,0
C000282,45,83.32,month-to-month,credit-card,0,0
C000283,38,45.0,month-to-month,credit-card,0,0
C000284,58,54.64,month-to-month,credit-card,0,1
C000285,22,80.95,one-year,electronic-check,0,0
C000286,71,98.81,month-to-month,bank-transfer,0,0
C000287,11,94.19,two-year,bank-transfer,0,0
C000288,34,61.9,month-to-month,credit-card,0,0
C000289,60,110.55,two-year,electronic-check,0,0
C000290,1,36.04,one-year,bank-transfer,0,0
C000291,38,104.06,two-year,bank-transfer,0,0
C000292,47,83.61,two-year,credit-card,0,0
C000293,43,100.86,month-to-month,credit-card,0,0
C000294,19,23.39,one-year,electronic-check,0,0
C000295,47,54.13,month-to-month,electronic-check,0,1
C000296,44,62.24,month-to-month,electronic-check,0,1
C000297,64,60.37,one-year,electronic-check,4,0
C000298,27,85.46,two-year,credit-card,0,0
C000299,17,78.65,one-year,electronic-check,0,0
C000300,71,108.56,month-to-month,electronic-check,0,1
C000301,1,24.64,one-year,bank-transfer,0,0
C000302,65,110.98,two-year,electronic-check,0,0
C000303,11,41.25,month-to-month,electronic-check,0,0
C000304,13,86.36,two-year,credit-card,0,0
C000305,2,56.89,month-to-month,credit-card,1,0
C000306,39,38.48,two-year,credit-card,0,0
C000307,7,69.78,one-year,electronic-check,0,0
C000308,54,77.53,month-to-month,bank-transfer,0,0
C000309,20,67.54,month-to-month,bank-transfer,0,0
C000310,28,109.58,month-to-month,electronic-check,0,0
C000311,16,118.66,month-to-month,credit-card,0,1
C000312,3,47.54,month-to-month,electronic-check,0,1
C000313,7,56.59,two-year,electronic-check,1,0
C000314,11,49.31,month-to-month,electronic-check,1,0
C000315,33,111.35,one-year,credit-card,1,0
C000316,11,58.89,month-to-month,bank-transfer,1,1
C000317,63,80.89,month-to-month,bank-transfer,0,0
C000318,61,87.69,two-year,credit-card,3,0
C000319,21,82.97,month-to-month,bank-transfer,0,1
C000320,43,49.24,one-year,credit-card,0,0
C000321,43,106.96,two-year,electronic-check,4,0
C000322,40,78.47,month-to-month,credit-card,0,0
C000323,30,100.75,two-year,bank-transfer,0,0
C000324,55,35.73,one-year,credit-card,0,0
C000325,19,47.38,month-to-month,electronic-check,0,0
C000326,11,74.0,one-year,bank-transfer,1,0
C000327,30,50.95,month-to-month,credit-card,0,0
C000328,33,78.64,one-year,credit-card,1,0
C000329,69,100.66,one-year,credit-card,0,0
C000330,34,108.51,two-year,electronic-check,0,0
C000331,25,41.27,two-year,credit-card,0,0
C000332,46,60.25,two-year,electronic-check,2,0
C000333,64,57.4,month-to-month,credit-card,0,1
C000334,20,51.58,one-year,credit-card,0,0
C000335,13,23.36,two-year,electronic-check,0,0
C000336,36,62.59,two-year,bank-transfer,1,0
C000337,33,104.37,two-year,bank-transfer,0,0
C000338,4,25.1,month-to-month,electronic-check,0,1
C000339,9,106.3,two-year,electronic-check,0,0
C000340,12,45.72,month-to-month,electronic-check,0,0
C000341,65,59.31,month-to-month,bank-transfer,1,0
C000342,29,37.21,one-year,bank-transfer,3,0
C000343,4,103.72,month-to-month,credit-card,0,0
C000344,62,25.58,two-year,credit-card,0,0
C000345,39,78.98,month-to-month,bank-transfer,1,0
C000346,48,45.7,month-to-month,credit-card,0,0
C000347,31,100.76,one-year,electronic-check,2,0
C000348,25,99.88,one-year,credit-card,2,0
C000349,48,108.87,month-to-month,credit-card,1,1
C000350,50,104.22,month-to-month,electronic-check,0,0
C000351,30,67.75,one-year,electronic-check,0,0
C000352,8,38.02,one-year,bank-transfer,0,0
C000353,20,46.64,month-to-month,bank-transfer,0,1
C000354,38,53.45,month-to-month,credit-card,0,1
C000355,62,31.42,month-to-month,electronic-check,0,1
C000356,72,67.75,two-year,bank-transfer,0,0
C000357,56,119.1,month-to-month,credit-card,2,0
C000358,54,109.62,month-to-month,credit-card,1,1
C000359,3,64.21,one-year,electronic-check,0,1
C000360,68,48.64,month-to-month,bank-transfer,0,1
C000361,24,33.81,one-year,credit-card,0,0
C000362,26,80.07,month-to-month,credit-card,2,0
C000363,36,37.53,two-year,credit-card,0,0
C000364,25,78.29,two-year,credit-card,0,0
C000365,53,104.11,two-year,credit-card,0,0
C000366,64,29.03,one-year,bank-transfer,2,0
C000367,35,44.83,one-year,electronic-check,1,1
C000368,48,77.49,one-year,credit-card,0,1
C000369,10,32.08,one-year,electronic-check,0,0
C000370,49,77.63,one-year,credit-card,0,0
C000371,64,64.64,month-to-month,credit-card,0,0
C000372,32,116.74,two-year,credit-card,0,0
C000373,33,75.54,month-to-month,credit-card,0,1
C000374,34,21.77,two-year,electronic-check,0,0
C000375,57,30.29,one-year,credit-card,1,0
C000376,60,69.36,month-to-month,electronic-check,1,1
C000377,52,108.44,month-to-month,electronic-check,0,1
C000378,60,94.66,month-to-month,credit-card,3,1
C000379,50,89.39,month-to-month,electronic-check,1,0
C000380,7,97.69,two-year,bank-transfer,0,1
C000381,42,101.5,one-year,electronic-check,0,0
C000382,46,44.93,two-year,bank-transfer,0,0
C000383,68,38.75,month-to-month,bank-transfer,0,1
C000384,29,33.94,two-year,bank-transfer,1,0
C000385,6,23.44,one-year,electronic-check,0,0
C000386,70,100.63,two-year,credit-card,0,0
C000387,2,63.37,one-year,credit-card,0,1
C000388,22,32.04,one-year,electronic-check,3,0
C000389,11,66.64,two-year,electronic-check,3,0
C000390,17,108.52,one-year,bank-transfer,0,1
C000391,12,94.04,one-year,bank-transfer,1,0
C000392,29,85.04,two-year,credit-card,0,0
C000393,71,50.37,one-year,bank-transfer,0,0
C000394,43,42.16,one-year,electronic-check,0,1
C000395,46,36.23,two-year,credit-card,0,0
C000396,37,107.84,one-year,credit-card,0,0
C000397,9,80.59,month-to-month,bank-transfer,0,1
C000398,57,55.41,month-to-month,credit-card,0,0
C000399,20,61.68,two-year,electronic-check,0,0
C000400,36,102.12,two-year,electronic-check,0,0
C000401,61,46.87,two-year,electronic-check,1,0
C000402,14,20.43,two-year,electronic-check,0,0
C000403,20,61.79,one-year,bank-transfer,2,0
C000404,58,89.26,two-year,bank-transfer,1,0
C000405,68,75.54,one-year,bank-transfer,0,0
C000406,64,58.07,month-to-month,bank-transfer,0,0
C000407,56,77.54,one-year,electronic-check,0,0
C000408,32,115.88,one-year,credit-card,4,0
C000409,33,76.49,month-to-month,bank-transfer,0,1
C000410,69,82.0,two-year,bank-transfer,0,0
C000411,56,58.95,two-year,bank-transfer,0,0
C000412,2,87.65,two-year,electronic-check,0,0
C000413,52,84.85,one-year,electronic-check,0,0
C000414,63,60.16,month-to-month,electronic-check,2,0
C000415,68,94.65,two-year,credit-card,0,0
C000416,10,102.6,one-year,electronic-check,0,0
C000417,44,102.06,two-year,electronic-check,2,0
C000418,68,48.99,one-year,electronic-check,0,0
C000419,8,83.01,month-to-month,electronic-check,0,1
C000420,6,89.17,two-year,credit-card,1,0
C000421,71,20.39,one-year,bank-transfer,0,0
C000422,4,39.67,month-to-month,bank-transfer,1,0
C000423,69,71.43,two-year,credit-card,0,0
C000424,19,35.68,one-year,electronic-check,0,0
C000425,67,69.04,month-to-month,bank-transfer,0,1
C000426,42,34.39,month-to-month,credit-card,0,0
C000427,13,105.93,month-to-month,electronic-check,0,1
C000428,50,21.95,month-to-month,credit-card,2,1
C000429,6,63.96,two-year,electronic-check,0,0
C000430,23,51.48,month-to-month,bank-transfer,0,1
C000431,64,117.95,two-year,credit-card,0,0
C000432,29,61.35,one-year,bank-transfer,2,0
C000433,32,28.75,one-year,credit-card,0,1
C000434,38,59.6,month-to-month,bank-transfer,0,1
C000435,43,60.32,two-year,credit-card,3,0
C000436,45,75.38,one-year,bank-transfer,0,0
C000437,56,23.49,one-year,electronic-check,0,0
C000438,17,29.26,month-to-month,bank-transfer,0,1
C000439,60,103.63,month-to-month,credit-card,0,0
C000440,52,57.69,one-year,electronic-check,0,0
C000441,30,105.84,one-year,electronic-check,0,0
C000442,57,78.76,two-year,bank-transfer,0,0
C000443,28,32.55,one-year,credit-card,0,0
C000444,35,93.59,month-to-month,bank-transfer,0,0
C000445,40,21.5,two-year,electronic-check,0,0
C000446,30,52.1,month-to-month,electronic-check,2,0
C000447,47,100.52,month-to-month,bank-transfer,0,0
C000448,29,48.86,two-year,electronic-check,0,0
C000449,60,97.5,one-year,electronic-check,2,0
C000450,23,22.96,month-to-month,electronic-check,1,0
C000451,53,22.53,two-year,electronic-check,0,0
C000452,52,55.21,month-to-month,electronic-check,0,0
C000453,29,91.26,one-year,credit-card,0,1
C000454,26,95.7,two-year,credit-card,0,0
C000455,23,76.45,month-to-month,credit-card,0,0
C000456,56,87.01,two-year,electronic-check,0,0
C000457,37,110.11,month-to-month,electronic-check,0,1
C000458,15,23.71,month-to-month,bank-transfer,0,0
C000459,12,61.72,one-year,electronic-check,0,0
C000460,29,48.12,two-year,credit-card,0,0
C000461,44,89.16,one-year,electronic-check,0,0
C000462,66,25.43,two-year,electronic-check,0,0
C000463,17,68.95,two-year,credit-card,0,0
C000464,72,46.12,two-year,electronic-check,0,0
C000465,34,44.97,two-year,credit-card,0,0
C000466,26,83.65,one-year,credit-card,0,0
C000467,62,43.79,two-year,credit-card,0,0
C000468,45,89.8,two-year,credit-card,2,0
C000469,31,53.36,month-to-month,credit-card,0,0
C000470,20,79.87,month-to-month,bank-transfer,1,0
C000471,15,89.01,one-year,credit-card,0,0
C000472,36,50.39,month-to-month,credit-card,1,1
C000473,21,52.45,one-year,bank-transfer,0,0
C000474,10,24.56,one-year,bank-transfer,5,0
C000475,43,118.02,one-year,electronic-check,0,1
C000476,56,68.83,two-year,electronic-check,0,0
C000477,37,82.77,one-year,electronic-check,0,0
C000478,11,33.87,one-year,credit-card,0,0
C000479,38,56.79,one-year,electronic-check,0,0
C000480,40,94.23,two-year,bank-transfer,0,0
C000481,41,43.02,two-year,credit-card,0,0
C000482,33,43.94,one-year,credit-card,0,0
C000483,52,110.52,two-year,credit-card,0,0
C000484,39,80.26,one-year,electronic-check,0,0
C000485,18,64.32,two-year,bank-transfer,0,0
C000486,62,39.08,month-to-month,electronic-check,0,0
C000487,66,62.54,month-to-month,bank-transfer,0,0
C000488,54,109.06,month-to-month,credit-card,0,0
C000489,23,110.4,two-year,credit-card,0,0
C000490,45,76.75,month-to-month,bank-transfer,0,1
C000491,55,117.13,one-year,electronic-check,2,0
C000492,11,101.11,one-year,credit-card,1,0
C000493,39,76.5,one-year,bank-transfer,3,0
C000494,18,49.93,one-year,bank-transfer,0,0
C000495,25,42.25,two-year,electronic-check,0,1
C000496,48,75.49,month-to-month,bank-transfer,0,1
C000497,51,46.11,month-to-month,credit-card,0,0
C000498,15,42.13,month-to-month,bank-transfer,0,0
C000499,33,90.91,month-to-month,credit-card,0,0
C000500,15,93.56,month-to-month,electronic-check,0,0
C000501,57,33.43,one-year,electronic-check,0,0
C000502,15,82.66,two-year,electronic-check,0,0
C000503,51,74.43,one-year,credit-card,0,0
C000504,8,60.44,month-to-month,credit-card,0,1
C000505,28,65.97,month-to-month,credit-card,1,0
C000506,12,82.12,one-year,credit-card,0,0
C000507,22,56.7,two-year,bank-transfer,1,0
C000508,33,32.27,two-year,bank-transfer,0,0
C000509,63,24.35,two-year,electronic-check,0,0
C000510,15,23.41,one-year,electronic-check,0,0
C000511,58,22.13,one-year,electronic-check,0,0
C000512,10,100.07,month-to-month,credit-card,0,0
C000513,49,103.62,one-year,electronic-check,2,0
C000514,35,114.88,two-year,credit-card,0,0
C000515,62,107.31,month-to-month,credit-card,0,0
C000516,51,104.3,two-year,credit-card,0,0
C000517,67,27.59,one-year,bank-transfer,0,0
C000518,6,41.14,one-year,bank-transfer,1,0
C000519,50,113.74,one-year,bank-transfer,0,0
C000520,30,22.05,two-year,bank-transfer,2,0
C000521,19,92.7,two-year,credit-card,0,1
C000522,34,55.68,one-year,electronic-check,0,1
C000523,5,111.51,month-to-month,credit-card,2,0
C000524,13,56.29,one-year,bank-transfer,1,0
C000525,19,88.13,month-to-month,bank-transfer,3,0
C000526,66,105.32,one-year,credit-card,0,0
C000527,43,26.04,two-year,bank-transfer,0,0
C000528,32,100.92,one-year,bank-transfer,0,0
C000529,59,60.5,month-to-month,bank-transfer,0,1
C000530,9,34.38,one-year,electronic-check,0,0
C000531,44,27.35,two-year,credit-card,0,0
C000532,39,78.05,month-to-month,bank-transfer,0,0
C000533,9,103.86,two-year,bank-transfer,2,0
C000534,70,22.31,one-year,credit-card,0,0
C000535,28,24.77,month-to-month,bank-transfer,0,0
C000536,65,84.81,two-year,credit-card,0,0
C000537,7,27.93,month-to-month,electronic-check,0,0
C000538,35,73.69,month-to-month,credit-card,0,1
C000539,42,106.77,month-to-month,credit-card,0,1
C000540,44,37.45,one-year,bank-transfer,1,0
C000541,43,97.6,month-to-month,electronic-check,0,0
C000542,4,112.53,one-year,electronic-check,0,0
C000543,43,35.67,one-year,credit-card,0,1
C000544,12,55.78,month-to-month,bank-transfer,0,0
C000545,72,35.34,two-year,electronic-check,0,0
C000546,34,101.35,month-to-month,bank-transfer,1,0
C000547,71,117.74,two-year,bank-transfer,0,0
C000548,36,33.19,one-year,credit-card,0,0
C000549,47,35.06,month-to-month,electronic-check,0,0
C000550,18,32.22,month-to-month,electronic-check,0,0
C000551,34,113.97,two-year,bank-transfer,1,0
C000552,21,72.85,month-to-month,bank-transfer,1,0
C000553,64,41.31,month-to-month,bank-transfer,2,1
C000554,42,98.98,one-year,credit-card,0,0
C000555,52,87.42,two-year,bank-transfer,0,1
C000556,49,114.5,two-year,electronic-check,2,0
C000557,34,90.93,month-to-month,credit-card,0,1
C000558,55,84.27,month-to-month,bank-transfer,2,1
C000559,21,67.74,one-year,bank-transfer,3,0
C000560,37,28.84,month-to-month,credit-card,0,0
C000561,58,41.21,month-to-month,credit-card,2,1
C000562,47,24.62,month-to-month,bank-transfer,0,0
C000563,39,88.52,month-to-month,credit-card,0,0
C000564,39,35.08,month-to-month,electronic-check,0,1
C000565,51,29.02,month-to-month,bank-transfer,0,0
C000566,43,117.97,two-year,credit-card,0,0
C000567,2,23.79,month-to-month,electronic-check,0,0
C000568,14,92.85,two-year,credit-card,5,0
C000569,15,32.05,one-year,bank-transfer,4,1
C000570,23,42.39,two-year,electronic-check,0,0
C000571,15,72.99,two-year,bank-transfer,3,0
C000572,28,105.32,month-to-month,credit-card,1,1
C000573,2,46.46,one-year,credit-card,3,0
C000574,53,98.95,month-to-month,bank-transfer,0,0
C000575,59,74.4,one-year,electronic-check,0,0
C000576,35,59.93,one-year,bank-transfer,0,0
C000577,50,96.1,one-year,bank-transfer,1,0
C000578,65,112.63,two-year,bank-transfer,0,1
C000579,31,102.56,two-year,electronic-check,0,0
C000580,7,60.58,two-year,electronic-check,0,0
C000581,41,65.55,two-year,electronic-check,0,0
C000582,61,71.01,two-year,electronic-check,0,0
C000583,49,55.52,one-year,credit-card,0,0
C000584,42,27.2,two-year,electronic-check,0,0
C000585,34,110.87,two-year,bank-transfer,2,0
C000586,62,77.07,one-year,credit-card,0,0
C000587,27,72.75,two-year,bank-transfer,0,0
C000588,59,37.77,month-to-month,electronic-check,2,1
C000589,47,103.21,month-to-month,bank-transfer,0,1
C000590,49,30.28,month-to-month,bank-transfer,0,0
C000591,58,86.22,two-year,bank-transfer,0,0
C000592,58,83.46,one-year,electronic-check,1,0
C000593,17,56.69,two-year,electronic-check,0,0
C000594,44,100.16,two-year,bank-transfer,0,0
C000595,34,25.77,month-to-month,credit-card,0,1
C000596,42,45.56,two-year,bank-transfer,1,0
C000597,64,105.89,month-to-month,credit-card,0,0
C000598,48,112.05,one-year,electronic-check,0,0
C000599,38,116.98,one-year,bank-transfer,0,1
C000600,50,104.97,one-year,credit-card,2,0
C000601,48,26.34,month-to-month,credit-card,0,0
C000602,58,57.94,month-to-month,electronic-check,0,1
C000603,4,30.78,two-year,electronic-check,0,0
C000604,56,61.49,one-year,bank-transfer,0,0
C000605,63,33.53,month-to-month,credit-card,0,1
C000606,70,24.06,two-year,electronic-check,0,0
C000607,59,31.81,one-year,credit-card,1,0
C000608,14,69.69,two-year,credit-card,0,0
C000609,26,91.11,month-to-month,bank-transfer,2,0
C000610,54,104.36,two-year,credit-card,5,0
C000611,19,52.05,month-to-month,credit-card,0,0
C000612,69,47.47,month-to-month,bank-transfer,0,1
C000613,39,75.57,one-year,electronic-check,2,0
C000614,39,44.85,two-year,bank-transfer,1,0
C000615,26,33.18,two-year,credit-card,0,0
C000616,63,90.99,one-year,credit-card,0,0
C000617,72,86.39,one-year,electronic-check,0,0
C000618,42,23.53,two-year,credit-card,1,0
C000619,27,100.25,one-year,electronic-check,0,0
C000620,57,40.39,one-year,credit-card,0,0
C000621,16,24.9,one-year,credit-card,1,0
C000622,72,93.72,one-year,credit-card,0,0
C000623,38,100.19,two-year,electronic-check,1,0
C000624,27,71.62,month-to-month,bank-transfer,0,0
C000625,54,42.38,month-to-month,bank-transfer,1,0
C000626,20,106.82,one-year,electronic-check,0,0
C000627,38,95.82,month-to-month,electronic-check,1,0
C000628,20,50.96,two-year,bank-transfer,0,0
C000629,30,59.15,month-to-month,credit-card,0,1
C000630,29,85.48,month-to-month,electronic-check,0,0
C000631,24,62.99,one-year,electronic-check,0,1
C000632,16,85.75,month-to-month,credit-card,5,0
C000633,38,68.99,two-year,credit-card,1,0
C000634,12,40.05,one-year,bank-transfer,2,0
C000635,12,40.13,two-year,bank-transfer,0,0
C000636,39,23.24,month-to-month,electronic-check,0,0
C000637,20,85.65,month-to-month,credit-card,0,1
C000638,32,52.96,one-year,bank-transfer,0,0
C000639,72,65.5,one-year,electronic-check,0,0
C000640,60,23.59,month-to-month,credit-card,0,0
C000641,17,61.53,month-to-month,bank-transfer,0,1
C000642,21,55.94,two-year,electronic-check,3,0
C000643,62,50.34,one-year,bank-transfer,0,1
C000644,64,47.05,month-to-month,electronic-check,0,1
C000645,69,24.21,one-year,bank-transfer,0,0
C000646,72,40.35,month-to-month,credit-card,2,1
C000647,65,43.96,two-year,credit-card,0,0
C000648,27,88.9,month-to-month,credit-card,0,0
C000649,34,119.82,month-to-month,bank-transfer,0,1
C000650,16,28.43,two-year,electronic-check,0,0
C000651,66,91.08,month-to-month,credit-card,1,0
C000652,13,24.12,month-to-month,electronic-check,1,0
C000653,44,28.4,month-to-month,bank-transfer,0,0
C000654,53,98.66,month-to-month,credit-card,0,1
C000655,66,87.88,month-to-month,credit-card,1,1
C000656,29,88.6,month-to-month,electronic-check,4,1
C000657,62,23.77,month-to-month,electronic-check,1,0
C000658,9,39.9,month-to-month,electronic-check,0,0
C000659,12,85.09,one-year,bank-transfer,0,0
C000660,64,33.49,one-year,electronic-check,3,0
C000661,22,63.53,month-to-month,electronic-check,1,0
C000662,69,85.52,two-year,electronic-check,0,0
C000663,30,44.01,one-year,electronic-check,0,0
C000664,7,59.2,month-to-month,bank-transfer,1,0
C000665,44,102.58,two-year,bank-transfer,3,0
C000666,44,86.33,month-to-month,bank-transfer,1,0
C000667,3,115.1,month-to-month,bank-transfer,0,1
C000668,19,53.54,two-year,credit-card,0,0
C000669,5,49.21,one-year,credit-card,5,0
C000670,57,60.74,month-to-month,electronic-check,1,0
C000671,6,57.56,month-to-month,credit-card,0,1
C000672,47,36.74,one-year,bank-transfer,2,0
C000673,51,50.86,two-year,bank-transfer,3,0
C000674,25,105.67,two-year,credit-card,0,0
C000675,23,30.37,month-to-month,credit-card,0,1
C000676,46,87.62,two-year,electronic-check,1,0
C000677,18,112.86,two-year,bank-transfer,0,0
C000678,43,64.41,month-to-month,bank-transfer,0,0
C000679,49,113.78,two-year,electronic-check,0,0
C000680,47,89.16,two-year,credit-card,0,0
C000681,49,64.77,two-year,electronic-check,2,0
C000682,59,23.51,two-year,bank-transfer,0,0
C000683,35,34.45,month-to-month,electronic-check,2,0
C000684,51,37.36,two-year,electronic-check,0,1
C000685,31,49.12,one-year,electronic-check,0,0
C000686,11,100.49,two-year,electronic-check,0,0
C000687,47,89.09,one-year,bank-transfer,0,0
C000688,7,99.37,two-year,bank-transfer,2,0
C000689,8,36.21,month-to-month,electronic-check,0,0
C000690,7,78.73,two-year,bank-transfer,1,0
C000691,24,47.23,one-year,bank-transfer,0,0
C000692,52,30.84,one-year,bank-transfer,0,0
C000693,61,46.68,one-year,credit-card,2,0
C000694,53,83.71,two-year,bank-transfer,0,0
C000695,61,86.14,one-year,electronic-check,0,0
C000696,47,91.73,month-to-month,bank-transfer,0,1
C000697,16,45.97,one-year,credit-card,0,0
C000698,46,80.21,two-year,bank-transfer,0,0
C000699,71,29.64,month-to-month,electronic-check,0,0
C000700,15,113.0,one-year,credit-card,0,0
C000701,16,97.46,two-year,bank-transfer,1,0
C000702,52,59.26,two-year,bank-transfer,0,0
C000703,19,73.18,month-to-month,electronic-check,0,0
C000704,44,88.19,one-year,bank-transfer,0,1
C000705,31,77.78,month-to-month,bank-transfer,0,0
C000706,17,35.12,two-year,electronic-check,1,0
C000707,37,109.88,month-to-month,electronic-check,3,0
C000708,37,33.13,two-year,electronic-check,2,0
C000709,36,91.2,one-year,electronic-check,0,0
C000710,28,110.39,two-year,bank-transfer,0,0
C000711,11,55.97,two-year,electronic-check,0,0
C000712,42,41.84,month-to-month,bank-transfer,0,0
C000713,65,25.91,month-to-month,bank-transfer,0,1
C000714,6,73.79,two-year,bank-transfer,0,0
C000715,44,116.47,month-to-month,electronic-check,0,1
C000716,27,48.17,month-to-month,electronic-check,0,0
C000717,23,22.84,month-to-month,electronic-check,0,1
C000718,36,92.45,one-year,electronic-check,0,1
C000719,53,42.63,one-year,credit-card,1,0
C000720,33,27.14,two-year,bank-transfer,0,0
C000721,59,39.07,one-year,electronic-check,0,0
C000722,25,27.65,one-year,electronic-check,0,0
C000723,26,97.33,month-to-month,credit-card,0,0
C000724,38,94.77,two-year,credit-card,2,0
C000725,3,26.27,two-year,credit-card,0,0
C000726,69,46.38,two-year,bank-transfer,0,0
C000727,46,50.57,two-year,credit-card,1,0
C000728,4,100.45,two-year,bank-transfer,1,0
C000729,20,56.39,one-year,bank-transfer,0,1
C000730,41,67.62,month-to-month,credit-card,1,0
C000731,66,58.89,two-year,bank-transfer,0,0
C000732,25,91.02,month-to-month,electronic-check,0,0
C000733,21,101.19,two-year,bank-transfer,0,0
C000734,69,57.89,month-to-month,credit-card,1,1
C000735,6,40.4,month-to-month,electronic-check,0,0
C000736,44,82.46,month-to-month,bank-transfer,0,0
C000737,1,44.34,two-year,bank-transfer,0,0
C000738,17,114.48,month-to-month,bank-transfer,0,1
C000739,57,96.17,two-year,electronic-check,1,0
C000740,22,60.02,month-to-month,electronic-check,2,0
C000741,61,89.2,month-to-month,bank-transfer,0,0
C000742,49,26.27,month-to-month,credit-card,1,0
C000743,29,83.39,month-to-month,electronic-check,0,1
C000744,26,100.27,month-to-month,credit-card,0,1
C000745,29,97.53,one-year,credit-card,3,0
C000746,53,46.3,two-year,credit-card,0,0
C000747,14,95.95,one-year,electronic-check,0,0
C000748,21,81.59,month-to-month,bank-transfer,0,0
C000749,1,27.21,one-year,credit-card,0,0
C000750,69,27.76,month-to-month,credit-card,0,0
C000751,51,87.07,two-year,electronic-check,1,0
C000752,65,101.16,month-to-month,bank-transfer,0,1
C000753,27,87.17,two-year,credit-card,0,0
C000754,46,87.77,month-to-month,credit-card,1,0
C000755,36,50.27,month-to-month,bank-transfer,0,1
C000756,43,96.88,two-year,credit-card,0,0
C000757,28,72.01,month-to-month,bank-transfer,4,1
C000758,27,111.64,two-year,electronic-check,1,0
C000759,8,91.67,month-to-month,credit-card,0,0
C000760,56,100.11,month-to-month,credit-card,0,0
C000761,18,45.26,one-year,bank-transfer,1,0
C000762,13,36.21,month-to-month,credit-card,4,1
C000763,61,96.23,two-year,bank-transfer,0,0
C000764,69,22.09,month-to-month,credit-card,0,1
C000765,43,20.17,one-year,credit-card,2,0
C000766,14,23.54,month-to-month,bank-transfer,0,0
C000767,69,32.19,one-year,bank-transfer,0,0
C000768,69,44.5,two-year,bank-transfer,3,0
C000769,12,84.78,two-year,credit-card,0,0
C000770,56,91.58,month-to-month,credit-card,0,0
C000771,37,95.31,two-year,credit-card,0,0
C000772,27,84.11,month-to-month,electronic-check,3,1
C000773,19,85.61,two-year,electronic-check,0,0
C000774,9,92.96,one-year,electronic-check,0,0
C000775,72,31.29,one-year,bank-transfer,0,1
C000776,36,112.07,two-year,bank-transfer,0,0
C000777,51,60.89,month-to-month,electronic-check,0,1
C000778,59,54.23,two-year,credit-card,0,0
C000779,27,100.29,month-to-month,electronic-check,0,1
C000780,25,27.26,two-year,credit-card,0,1
C000781,40,86.12,two-year,credit-card,0,0
C000782,8,58.3,one-year,electronic-check,0,1
C000783,9,49.59,two-year,bank-transfer,2,0
C000784,46,56.36,month-to-month,electronic-check,0,0
C000785,33,57.05,one-year,credit-card,0,0
C000786,22,48.53,month-to-month,bank-transfer,3,0
C000787,25,108.66,month-to-month,bank-transfer,2,1
C000788,61,46.29,month-to-month,credit-card,0,0
C000789,48,43.48,two-year,credit-card,0,0
C000790,59,75.53,one-year,bank-transfer,0,1
C000791,23,110.98,month-to-month,bank-transfer,0,0
C000792,35,56.11,month-to-month,bank-transfer,0,1
C000793,10,70.93,one-year,bank-transfer,1,0
C000794,49,31.0,two-year,bank-transfer,0,0
C000795,66,106.47,month-to-month,credit-card,0,0
C000796,59,98.51,one-year,credit-card,0,0
C000797,13,40.53,one-year,electronic-check,1,0
C000798,61,68.16,month-to-month,credit-card,0,1
C000799,66,110.27,two-year,electronic-check,0,0
C000800,30,97.26,two-year,electronic-check,0,1
C000801,50,100.36,two-year,bank-transfer,1,0
C000802,24,89.98,one-year,credit-card,0,0
C000803,28,105.01,two-year,bank-transfer,0,0
C000804,39,94.89,month-to-month,electronic-check,0,0
C000805,22,21.26,month-to-month,bank-transfer,0,1
C000806,63,87.26,one-year,credit-card,0,0
C000807,61,40.19,month-to-month,bank-transfer,0,1
C000808,23,54.32,one-year,electronic-check,1,1
C000809,21,43.84,two-year,credit-card,0,0
C000810,61,76.19,one-year,electronic-check,0,0
C000811,16,47.39,one-year,bank-transfer,0,0
C000812,18,78.14,month-to-month,credit-card,0,0
C000813,58,99.0,one-year,bank-transfer,2,0
C000814,20,115.69,two-year,bank-transfer,3,0
C000815,7,63.56,two-year,credit-card,3,0
C000816,23,107.05,one-year,bank-transfer,0,1
C000817,66,78.31,one-year,bank-transfer,0,0
C000818,48,109.88,two-year,electronic-check,0,0
C000819,33,77.03,month-to-month,credit-card,2,0
C000820,53,56.63,one-year,electronic-check,0,0
C000821,8,82.43,month-to-month,bank-transfer,0,0
C000822,2,64.49,one-year,bank-transfer,0,0
C000823,24,66.55,two-year,bank-transfer,1,0
C000824,12,115.79,month-to-month,credit-card,0,0
C000825,30,57.08,one-year,electronic-check,0,0
C000826,47,32.76,two-year,credit-card,0,0
C000827,66,33.6,one-year,bank-transfer,0,1
C000828,59,114.24,two-year,electronic-check,0,0
C000829,56,51.45,one-year,bank-transfer,0,0
C000830,21,59.4,two-year,credit-card,3,0
C000831,27,83.46,one-year,electronic-check,0,0
C000832,39,84.87,month-to-month,credit-card,1,1
C000833,6,39.83,two-year,credit-card,0,0
C000834,35,22.91,one-year,credit-card,1,0
C000835,1,37.36,month-to-month,credit-card,0,0
C000836,31,21.93,two-year,credit-card,0,0
C000837,20,66.99,month-to-month,credit-card,0,0
C000838,62,107.48,one-year,bank-transfer,0,0
C000839,34,29.14,month-to-month,electronic-check,0,1
C000840,43,54.17,one-year,bank-transfer,0,1
C000841,72,100.52,two-year,credit-card,1,0
C000842,3,42.94,one-year,credit-card,1,0
C000843,20,39.13,month-to-month,electronic-check,0,1
C000844,30,82.24,one-year,electronic-check,0,0
C000845,25,113.36,one-year,credit-card,0,1
C000846,34,70.13,two-year,electronic-check,0,0
C000847,30,92.44,two-year,credit-card,0,0
C000848,59,81.47,month-to-month,credit-card,0,0
C000849,34,33.12,one-year,credit-card,0,0
C000850,40,59.65,one-year,electronic-check,1,0
C000851,41,28.91,month-to-month,credit-card,0,0
C000852,32,66.18,month-to-month,credit-card,0,1
C000853,47,88.58,two-year,bank-transfer,0,0
C000854,9,82.37,month-to-month,bank-transfer,0,1
C000855,66,42.19,one-year,bank-transfer,2,0
C000856,48,73.5,two-year,electronic-check,3,0
C000857,59,28.79,two-year,bank-transfer,0,0
C000858,60,88.41,two-year,credit-card,0,0
C000859,44,63.74,month-to-month,credit-card,0,0
C000860,7,23.19,two-year,electronic-check,0,0
C000861,41,36.4,month-to-month,electronic-check,0,0
C000862,23,58.69,one-year,bank-transfer,1,0
C000863,32,65.81,one-year,electronic-check,0,1
C000864,50,67.28,one-year,credit-card,0,0
C000865,51,91.6,one-year,electronic-check,1,0
C000866,63,30.7,two-year,electronic-check,0,0
C000867,66,66.92,month-to-month,electronic-check,0,1
C000868,23,92.94,two-year,bank-transfer,0,0
C000869,1,106.31,two-year,electronic-check,0,0
C000870,5,115.2,one-year,bank-transfer,0,0
C000871,35,114.96,one-year,bank-transfer,0,0
C000872,37,31.02,one-year,credit-card,0,0
C000873,32,101.7,two-year,electronic-check,1,0
C000874,20,101.3,two-year,bank-transfer,0,0
C000875,40,33.36,one-year,electronic-check,1,0
C000876,45,109.59,two-year,credit-card,1,0
C000877,70,85.25,month-to-month,credit-card,1,0
C000878,44,67.02,two-year,bank-transfer,1,0
C000879,47,44.93,month-to-month,credit-card,0,0
C000880,4,42.71,month-to-month,credit-card,0,0
C000881,26,105.99,one-year,electronic-check,0,0
C000882,40,83.86,one-year,electronic-check,0,0
C000883,40,93.91,one-year,bank-transfer,0,0
C000884,67,26.84,month-to-month,bank-transfer,0,0
C000885,27,56.24,two-year,bank-transfer,2,0
C000886,16,85.48,two-year,electronic-check,0,0
C000887,4,91.75,two-year,bank-transfer,5,0
C000888,66,98.89,month-to-month,bank-transfer,0,0
C000889,8,41.9,two-year,electronic-check,0,0
C000890,10,112.98,one-year,credit-card,0,0
C000891,24,69.13,one-year,electronic-check,0,0
C000892,49,120.0,month-to-month,electronic-check,2,0
C000893,71,107.9,month-to-month,credit-card,2,1
C000894,8,40.74,one-year,credit-card,2,1
C000895,28,71.08,two-year,credit-card,0,0
C000896,57,100.34,month-to-month,bank-transfer,0,1
C000897,36,43.38,two-year,credit-card,0,0
C000898,1,100.27,one-year,electronic-check,0,1
C000899,30,71.67,month-to-month,credit-card,0,0
C000900,26,117.6,month-to-month,electronic-check,1,0
C000901,28,47.25,two-year,bank-transfer,2,0
C000902,1,64.26,month-to-month,credit-card,2,0
C000903,19,51.99,two-year,credit-card,0,0
C000904,32,119.65,two-year,credit-card,0,0
C000905,56,50.32,one-year,credit-card,0,0
C000906,25,78.97,one-year,credit-card,0,1
C000907,57,96.87,month-to-month,electronic-check,0,1
C000908,26,67.18,one-year,electronic-check,0,0
C000909,46,90.13,month-to-month,credit-card,0,1
C000910,43,55.2,one-year,electronic-check,1,0
C000911,71,20.64,two-year,electronic-check,0,0
C000912,52,115.21,two-year,electronic-check,0,0
C000913,1,114.93,two-year,credit-card,0,0
C000914,42,79.0,two-year,electronic-check,0,0
C000915,52,85.09,month-to-month,bank-transfer,0,0
C000916,62,64.08,month-to-month,bank-transfer,0,0
C000917,69,99.17,month-to-month,bank-transfer,0,1
C000918,33,58.71,one-year,electronic-check,0,1
C000919,50,26.72,one-year,electronic-check,0,1
C000920,37,102.14,one-year,credit-card,3,0
C000921,25,40.97,one-year,electronic-check,1,1
C000922,29,25.76,month-to-month,bank-transfer,0,1
C000923,14,114.69,two-year,electronic-check,0,0
C000924,20,63.4,month-to-month,credit-card,0,0
C000925,50,62.22,one-year,electronic-check,2,0
C000926,39,23.81,month-to-month,credit-card,0,0
C000927,22,31.23,month-to-month,credit-card,0,1
C000928,26,56.06,month-to-month,bank-transfer,0,0
C000929,30,68.31,one-year,credit-card,5,0
C000930,22,37.99,two-year,credit-card,1,0
C000931,8,64.55,two-year,electronic-check,0,0
C000932,71,99.09,month-to-month,electronic-check,0,0
C000933,44,86.02,one-year,electronic-check,3,0
C000934,72,71.65,month-to-month,bank-transfer,0,0
C000935,1,70.03,one-year,electronic-check,0,0
C000936,47,61.41,month-to-month,electronic-check,0,0
C000937,53,53.38,one-year,bank-transfer,3,0
C000938,49,39.09,two-year,credit-card,1,0
C000939,42,51.83,two-year,electronic-check,0,0
C000940,70,68.87,two-year,bank-transfer,2,0
C000941,6,34.91,month-to-month,credit-card,0,0
C000942,55,90.5,one-year,credit-card,0,0
C000943,36,107.65,month-to-month,electronic-check,2,1
C000944,33,28.14,one-year,bank-transfer,0,0
C000945,39,41.45,month-to-month,electronic-check,0,1
C000946,66,114.31,one-year,electronic-check,0,0
C000947,36,65.62,two-year,bank-transfer,0,0
C000948,16,24.63,two-year,credit-card,1,0
C000949,70,93.69,one-year,credit-card,0,1
C000950,34,101.49,one-year,credit-card,0,0
C000951,5,41.54,month-to-month,electronic-check,0,1
C000952,38,54.32,two-year,electronic-check,0,0
C000953,16,84.51,month-to-month,electronic-check,0,0
C000954,29,67.39,month-to-month,credit-card,0,1
C000955,39,117.11,month-to-month,credit-card,0,1
C000956,57,41.22,two-year,bank-transfer,2,0
C000957,50,43.2,one-year,bank-transfer,0,0
C000958,34,36.05,two-year,electronic-check,0,0
C000959,22,111.49,one-year,bank-transfer,0,0
C000960,13,75.4,one-year,electronic-check,0,0
C000961,48,57.97,one-year,credit-card,4,0
C000962,37,116.68,month-to-month,bank-transfer,0,0
C000963,4,51.78,month-to-month,bank-transfer,0,1
C000964,48,76.3,one-year,electronic-check,0,0
C000965,26,74.32,one-year,electronic-check,0,0
C000966,25,50.03,one-year,electronic-check,0,0
C000967,2,40.96,two-year,credit-card,0,0
C000968,31,86.91,two-year,electronic-check,0,0
C000969,1,46.66,month-to-month,bank-transfer,0,0
C000970,2,71.52,one-year,bank-transfer,2,0
C000971,24,21.31,two-year,credit-card,4,0
C000972,16,46.75,month-to-month,electronic-check,0,1
C000973,50,60.51,one-year,electronic-check,0,0
C000974,55,31.05,two-year,electronic-check,2,0
C000975,47,107.08,two-year,credit-card,3,0
C000976,69,85.34,month-to-month,credit-card,0,0
C000977,46,111.91,one-year,bank-transfer,0,0
C000978,20,34.94,month-to-month,electronic-check,1,1
C000979,65,76.71,month-to-month,credit-card,0,1
C000980,2,92.75,one-year,credit-card,0,0
C000981,1,44.19,month-to-month,bank-transfer,0,0
C000982,50,62.94,month-to-month,bank-transfer,1,0
C000983,7,65.26,month-to-month,electronic-check,0,0
C000984,24,39.82,month-to-month,bank-transfer,0,0
C000985,44,84.88,one-year,bank-transfer,1,0
C000986,58,44.44,month-to-month,credit-card,0,0
C000987,14,90.62,one-year,bank-transfer,2,0
C000988,16,118.98,two-year,electronic-check,0,1
C000989,8,48.49,month-to-month,credit-card,0,0
C000990,25,71.06,month-to-month,credit-card,0,0
C000991,59,29.15,month-to-month,bank-transfer,0,1
C000992,13,39.84,month-to-month,credit-card,0,0
C000993,43,44.82,one-year,electronic-check,0,0
C000994,54,88.84,month-to-month,bank-transfer,0,1
C000995,70,39.19,month-to-month,bank-transfer,2,1
C000996,63,45.3,month-to-month,credit-card,0,1
C000997,58,49.19,one-year,electronic-check,1,0
C000998,9,68.37,one-year,credit-card,0,1
C000999,6,98.94,month-to-month,credit-card,0,0
C001000,29,78.3,one-year,electronic-check,0,0
C001001,47,60.66,month-to-month,bank-transfer,0,0
C001002,1,33.2,one-year,electronic-check,1,0
C001003,20,85.9,month-to-month,bank-transfer,1,0
C001004,12,87.15,month-to-month,credit-card,0,0
C001005,40,119.64,one-year,bank-transfer,1,1
C001006,57,116.93,two-year,electronic-check,1,0
C001007,40,71.87,two-year,bank-transfer,1,0
C001008,66,75.91,month-to-month,credit-card,0,1
C001009,65,22.24,two-year,bank-transfer,0,0
C001010,38,47.58,month-to-month,electronic-check,1,1
C001011,32,90.44,one-year,electronic-check,0,0
C001012,52,103.0,two-year,credit-card,1,0
C001013,28,92.93,one-year,bank-transfer,1,0
C001014,47,93.34,one-year,credit-card,1,0
C001015,33,83.52,one-year,electronic-check,0,0
C001016,47,60.96,two-year,bank-transfer,3,0
C001017,40,100.44,two-year,credit-card,0,0
C001018,24,68.77,one-year,bank-transfer,0,1
C001019,17,109.54,one-year,bank-transfer,2,1
C001020,20,51.4,one-year,electronic-check,0,0
C001021,8,112.21,month-to-month,credit-card,0,1
C001022,55,62.4,month-to-month,credit-card,1,0
C001023,15,110.28,one-year,bank-transfer,0,0
C001024,3,59.2,two-year,credit-card,0,0
C001025,15,96.12,month-to-month,bank-transfer,0,0
C001026,25,40.69,month-to-month,electronic-check,0,0
C001027,13,40.02,two-year,credit-card,0,0
C001028,42,32.13,two-year,electronic-check,0,0
C001029,12,71.0,two-year,credit-card,0,0
C001030,54,111.51,one-year,credit-card,2,0
C001031,52,44.04,month-to-month,bank-transfer,0,1
C001032,5,71.97,two-year,electronic-check,1,0
C001033,62,66.78,one-year,credit-card,0,0
C001034,23,97.79,one-year,bank-transfer,0,0
C001035,14,117.89,one-year,electronic-check,0,0
C001036,28,89.32,month-to-month,credit-card,0,1
C001037,1,63.26,month-to-month,electronic-check,0,1
C001038,48,118.18,two-year,credit-card,0,0
C001039,48,49.02,two-year,electronic-check,0,0
C001040,43,80.2,one-year,electronic-check,0,0
C001041,48,104.34,one-year,bank-transfer,0,0
C001042,18,52.84,two-year,credit-card,0,0
C001043,47,42.23,one-year,credit-card,0,1
C001044,69,64.63,two-year,bank-transfer,0,0
C001045,59,36.46,month-to-month,bank-transfer,1,0
C001046,29,108.74,month-to-month,bank-transfer,0,1
C001047,70,67.23,two-year,credit-card,0,1
C001048,24,45.87,month-to-month,electronic-check,0,0
C001049,22,85.87,two-year,bank-transfer,0,0
C001050,62,93.27,two-year,credit-card,0,0
C001051,26,74.62,one-year,electronic-check,1,0
C001052,57,94.3,two-year,bank-transfer,0,0
C001053,71,116.98,one-year,credit-card,0,0
C001054,5,79.19,month-to-month,electronic-check,4,1
C001055,9,37.72,two-year,electronic-check,0,0
C001056,57,28.69,two-year,electronic-check,0,0
C001057,26,51.4,month-to-month,electronic-check,0,0
C001058,48,26.61,month-to-month,credit-card,0,1
C001059,21,90.12,two-year,electronic-check,0,0
C001060,27,118.98,two-year,bank-transfer,0,0
C001061,1,101.07,one-year,electronic-check,0,0
C001062,71,68.4,one-year,electronic-check,2,1
C001063,70,66.4,month-to-month,bank-transfer,1,1
C001064,66,44.78,month-to-month,electronic-check,0,1
C001065,28,63.98,month-to-month,bank-transfer,0,1
C001066,4,82.42,one-year,electronic-check,1,0
C001067,27,35.99,two-year,bank-transfer,1,0
C001068,21,72.46,two-year,credit-card,0,0
C001069,65,40.96,month-to-month,credit-card,0,0
C001070,13,46.37,month-to-month,bank-transfer,0,1
C001071,28,51.57,one-year,credit-card,2,0
C001072,18,75.21,one-year,electronic-check,0,0
C001073,22,49.21,month-to-month,credit-card,1,0
C001074,60,63.67,two-year,electronic-check,1,0
C001075,13,35.61,one-year,credit-card,0,0
C001076,56,58.8,month-to-month,credit-card,0,1
C001077,25,36.13,two-year,electronic-check,0,0
C001078,63,103.68,one-year,credit-card,4,0
C001079,14,73.79,month-to-month,credit-card,2,1
C001080,30,113.95,one-year,credit-card,0,0
C001081,9,118.09,one-year,credit-card,0,1
C001082,13,25.99,month-to-month,electronic-check,2,1
C001083,27,28.41,month-to-month,bank-transfer,1,1
C001084,33,20.02,one-year,bank-transfer,0,0
C001085,53,31.41,month-to-month,credit-card,2,0
C001086,14,65.22,month-to-month,bank-transfer,1,1
C001087,5,51.34,month-to-month,bank-transfer,0,1
C001088,40,61.79,two-year,electronic-check,3,0
C001089,56,78.49,two-year,electronic-check,1,0
C001090,53,110.57,one-year,bank-transfer,0,0
C001091,60,115.28,month-to-month,credit-card,5,0
C001092,11,88.5,two-year,bank-transfer,4,0
C001093,63,83.2,month-to-month,credit-card,0,1
C001094,56,91.27,month-to-month,electronic-check,3,0
C001095,1,85.78,month-to-month,credit-card,0,0
C001096,30,53.67,two-year,credit-card,0,0
C001097,38,50.57,month-to-month,electronic-check,0,1
C001098,9,119.56,month-to-month,bank-transfer,0,1
C001099,23,81.62,two-year,electronic-check,0,0
C001100,16,72.28,one-year,bank-transfer,0,0
C001101,56,112.55,one-year,bank-transfer,3,0
C001102,49,59.32,one-year,electronic-check,0,0
C001103,58,46.25,month-to-month,credit-card,0,0
C001104,36,56.14,one-year,electronic-check,0,0
C001105,35,109.74,one-year,credit-card,0,1
C001106,5,81.39,month-to-month,electronic-check,2,1
C001107,57,91.03,one-year,credit-card,0,0
C001108,65,91.59,month-to-month,credit-card,1,1
C001109,61,28.87,one-year,credit-card,0,1
C001110,12,75.28,month-to-month,electronic-check,0,0
C001111,54,64.11,month-to-month,electronic-check,0,1
C001112,13,74.31,month-to-month,electronic-check,0,0
C001113,15,30.04,two-year,credit-card,0,0
C001114,36,87.76,month-to-month,bank-transfer,0,0
C001115,59,78.57,one-year,bank-transfer,0,1
C001116,11,29.41,two-year,electronic-check,0,0
C001117,41,70.88,month-to-month,electronic-check,0,1
C001118,53,111.38,one-year,electronic-check,0,0
C001119,56,114.33,two-year,bank-transfer,3,0
C001120,18,119.75,two-year,electronic-check,0,0
C001121,33,106.33,two-year,credit-card,0,1
C001122,25,59.92,two-year,credit-card,1,0
C001123,14,38.44,month-to-month,electronic-check,0,1
C001124,25,115.81,two-year,bank-transfer,0,0
C001125,72,94.04,one-year,electronic-check,0,0
C001126,66,59.57,two-year,bank-transfer,3,0
C001127,72,66.56,two-year,credit-card,0,0
C001128,72,113.86,two-year,bank-transfer,2,0
C001129,59,67.53,one-year,bank-transfer,0,0
C001130,23,37.03,month-to-month,credit-card,2,0
C001131,44,106.48,two-year,electronic-check,0,0
C001132,43,117.03,two-year,bank-transfer,0,0
C001133,2,114.92,one-year,credit-card,0,0
C001134,49,98.64,month-to-month,credit-card,3,1
C001135,31,22.43,month-to-month,credit-card,0,1
C001136,65,29.03,one-year,bank-transfer,0,0
C001137,5,108.67,month-to-month,credit-card,1,1
C001138,63,74.98,two-year,bank-transfer,0,1
C001139,45,59.92,two-year,credit-card,0,0
C001140,43,79.92,two-year,credit-card,1,0
C001141,7,112.78,two-year,bank-transfer,0,0
C001142,34,86.25,month-to-month,bank-transfer,1,1
C001143,60,95.96,one-year,bank-transfer,2,0
C001144,15,44.82,two-year,electronic-check,0,0
C001145,18,40.91,two-year,electronic-check,0,0
C001146,58,68.2,one-year,credit-card,0,0
C001147,8,37.45,month-to-month,credit-card,0,0
C001148,62,94.33,month-to-month,electronic-check,3,1
C001149,18,97.98,one-year,electronic-check,0,0
C001150,63,61.57,one-year,credit-card,0,0
C001151,5,80.68,two-year,bank-transfer,0,1
C001152,4,29.38,one-year,credit-card,2,0
C001153,48,103.7,one-year,electronic-check,0,0
C001154,50,82.81,one-year,bank-transfer,0,1
C001155,68,57.56,month-to-month,bank-transfer,0,0
C001156,56,100.04,two-year,electronic-check,0,0
C001157,39,24.58,two-year,bank-transfer,0,0
C001158,1,102.61,one-year,credit-card,0,0
C001159,38,82.86,one-year,electronic-check,0,0
C001160,31,112.83,one-year,electronic-check,0,0
C001161,4,63.05,two-year,electronic-check,0,0
C001162,62,50.4,two-year,electronic-check,0,0
C001163,2,34.78,one-year,electronic-check,2,0
C001164,32,23.09,month-to-month,electronic-check,0,0
C001165,49,103.72,one-year,electronic-check,1,0
C001166,42,81.45,two-year,credit-card,3,0
C001167,67,108.63,month-to-month,bank-transfer,0,1
C001168,72,116.21,one-year,bank-transfer,3,0
C001169,64,25.24,month-to-month,credit-card,0,0
C001170,71,88.16,month-to-month,electronic-check,0,1
C001171,49,33.38,one-year,bank-transfer,0,1
C001172,16,105.32,month-to-month,bank-transfer,0,0
C001173,16,41.68,month-to-month,credit-card,1,0
C001174,7,106.73,month-to-month,bank-transfer,0,0
C001175,67,103.25,month-to-month,bank-transfer,4,0
C001176,41,90.62,month-to-month,bank-transfer,0,0
C001177,36,100.58,two-year,electronic-check,0,0
C001178,48,108.92,month-to-month,credit-card,0,0
C001179,16,40.17,month-to-month,bank-transfer,1,0
C001180,37,112.0,one-year,electronic-check,0,0
C001181,14,29.29,two-year,bank-transfer,2,0
C001182,1,29.13,month-to-month,electronic-check,0,1
C001183,7,107.36,month-to-month,bank-transfer,0,1
C001184,44,40.11,month-to-month,electronic-check,1,1
C001185,59,73.17,two-year,electronic-check,2,0
C001186,54,48.22,one-year,electronic-check,0,1
C001187,37,38.76,one-year,electronic-check,1,0
C001188,12,113.94,one-year,bank-transfer,0,0
C001189,33,69.45,one-year,bank-transfer,0,0
C001190,21,71.12,two-year,credit-card,5,0
C001191,44,57.61,one-year,credit-card,0,0
C001192,51,86.01,two-year,bank-transfer,0,0
C001193,58,103.05,month-to-month,bank-transfer,2,1
C001194,18,37.33,two-year,bank-transfer,0,0
C001195,4,47.46,month-to-month,electronic-check,1,1
C001196,28,62.71,one-year,credit-card,0,0
C001197,12,28.9,one-year,credit-card,0,0
C001198,59,83.32,month-to-month,bank-transfer,0,1
C001199,67,31.49,month-to-month,electronic-check,0,1
C001200,54,83.27,one-year,credit-card,3,0
C001201,55,52.95,two-year,bank-transfer,0,0
C001202,5,117.93,one-year,electronic-check,0,0
C001203,21,25.63,two-year,bank-transfer,1,0
C001204,39,64.16,month-to-month,electronic-check,0,1
C001205,9,37.28,month-to-month,credit-card,0,1
C001206,68,102.0,one-year,bank-transfer,0,0
C001207,55,42.44,month-to-month,credit-card,0,0
C001208,52,82.55,one-year,bank-transfer,0,1
C001209,60,38.14,month-to-month,bank-transfer,3,1
C001210,18,79.58,one-year,electronic-check,1,0
C001211,39,117.38,two-year,electronic-check,0,0
C001212,13,75.49,month-to-month,bank-transfer,0,0
C001213,57,89.06,one-year,bank-transfer,1,1
C001214,64,43.23,two-year,electronic-check,0,0
C001215,45,76.11,month-to-month,bank-transfer,0,0
C001216,49,28.3,two-year,credit-card,0,0
C001217,50,83.04,month-to-month,electronic-check,0,0
C001218,71,79.81,month-to-month,credit-card,0,1
C001219,28,52.62,month-to-month,credit-card,0,0
C001220,18,83.64,one-year,bank-transfer,1,0
C001221,27,48.51,two-year,bank-transfer,0,0
C001222,40,59.82,two-year,credit-card,0,0
C001223,25,77.76,one-year,credit-card,0,0
C001224,19,116.34,one-year,bank-transfer,0,1
C001225,59,113.84,two-year,bank-transfer,1,0
C001226,72,54.36,two-year,electronic-check,3,0
C001227,43,42.94,two-year,credit-card,1,1
C001228,4,92.95,one-year,electronic-check,0,0
C001229,35,33.73,month-to-month,bank-transfer,0,0
C001230,66,37.97,one-year,bank-transfer,0,0
C001231,47,72.59,one-year,electronic-check,0,0
C001232,34,76.18,one-year,bank-transfer,0,0
C001233,34,80.83,month-to-month,credit-card,0,1
C001234,5,39.7,month-to-month,electronic-check,0,0
C001235,64,55.05,two-year,bank-transfer,0,0
C001236,30,62.52,month-to-month,bank-transfer,0,1
C001237,11,47.41,two-year,credit-card,0,0
C001238,23,115.37,two-year,electronic-check,0,0
C001239,49,32.66,two-year,credit-card,0,0
C001240,62,53.79,one-year,bank-transfer,0,0
C001241,63,109.1,one-year,credit-card,0,1
C001242,16,88.92,two-year,bank-transfer,1,0
C001243,13,53.7,two-year,credit-card,0,0
C001244,41,56.17,two-year,credit-card,0,0
C001245,50,100.56,two-year,bank-transfer,0,1
C001246,70,103.08,one-year,credit-card,0,0
C001247,45,87.73,month-to-month,bank-transfer,0,1
C001248,11,72.85,two-year,electronic-check,0,0
C001249,63,63.85,month-to-month,electronic-check,0,1
C001250,4,61.05,one-year,electronic-check,0,0
C001251,60,119.48,month-to-month,electronic-check,2,1
C001252,35,33.12,month-to-month,bank-transfer,0,1
C001253,8,70.6,month-to-month,credit-card,0,1
C001254,6,60.52,two-year,credit-card,0,0
C001255,66,60.4,one-year,credit-card,0,0
C001256,11,43.92,one-year,bank-transfer,2,0
C001257,66,73.49,one-year,credit-card,4,0
C001258,12,52.85,month-to-month,bank-transfer,0,1
C001259,5,29.26,month-to-month,bank-transfer,0,1
C001260,28,95.86,two-year,bank-transfer,1,0
C001261,72,88.13,two-year,bank-transfer,1,0
C001262,72,102.43,month-to-month,bank-transfer,4,1
C001263,57,30.66,month-to-month,electronic-check,1,0
C001264,67,77.87,one-year,credit-card,2,0
C001265,35,78.88,two-year,bank-transfer,0,1
C001266,17,52.97,one-year,electronic-check,0,0
C001267,67,56.17,one-year,bank-transfer,0,0
C001268,12,64.06,one-year,bank-transfer,1,0
C001269,23,79.18,one-year,bank-transfer,0,0
C001270,7,113.9,two-year,bank-transfer,2,1
C001271,8,110.86,two-year,credit-card,1,0
C001272,61,64.43,month-to-month,credit-card,0,1
C001273,59,111.49,one-year,credit-card,0,1
C001274,57,86.57,month-to-month,bank-transfer,1,1
C001275,2,62.09,two-year,credit-card,0,0
C001276,16,78.75,two-year,bank-transfer,0,0
C001277,12,63.96,two-year,credit-card,1,0
C001278,9,52.75,two-year,electronic-check,0,0
C001279,23,83.82,one-year,bank-transfer,1,0
C001280,72,40.53,one-year,bank-transfer,0,1
C001281,66,46.75,month-to-month,electronic-check,0,0
C001282,20,49.32,one-year,electronic-check,0,0
C001283,25,64.41,two-year,credit-card,1,0
C001284,40,60.38,month-to-month,bank-transfer,4,1
C001285,7,62.55,month-to-month,electronic-check,0,0
C001286,27,58.13,two-year,bank-transfer,1,0
C001287,47,119.85,month-to-month,bank-transfer,0,0
C001288,23,84.4,two-year,electronic-check,1,0
C001289,56,38.65,one-year,bank-transfer,0,1
C001290,71,69.94,month-to-month,electronic-check,0,0
C001291,45,87.72,one-year,electronic-check,1,0
C001292,15,77.27,two-year,credit-card,0,0
C001293,11,102.21,one-year,electronic-check,2,0
C001294,70,95.34,month-to-month,bank-transfer,0,1
C001295,16,59.76,one-year,bank-transfer,1,0
C001296,13,94.64,two-year,electronic-check,0,0
C001297,36,47.25,two-year,credit-card,0,0
C001298,49,54.99,month-to-month,credit-card,0,1
C001299,32,82.54,one-year,electronic-check,3,0
C001300,23,77.73,two-year,credit-card,0,0
C001301,66,71.41,month-to-month,credit-card,0,1
C001302,60,36.54,two-year,bank-transfer,1,0
C001303,19,22.57,month-to-month,credit-card,1,0
C001304,14,70.65,month-to-month,credit-card,1,1
C001305,70,85.9,one-year,bank-transfer,0,0
C001306,52,38.04,one-year,bank-transfer,0,0
C001307,31,60.37,two-year,credit-card,0,0
C001308,13,96.53,two-year,electronic-check,0,0
C001309,16,76.74,two-year,electronic-check,0,0
C001310,53,21.89,one-year,credit-card,0,0
C001311,54,99.61,two-year,bank-transfer,0,0
C001312,36,89.32,month-to-month,bank-transfer,0,0
C001313,59,66.06,two-year,credit-card,0,0
C001314,13,94.56,one-year,credit-card,0,0
C001315,46,96.01,two-year,electronic-check,0,0
C001316,10,100.09,one-year,bank-transfer,0,0
C001317,56,23.92,two-year,electronic-check,0,0
C001318,72,73.85,two-year,credit-card,2,0
C001319,57,84.08,month-to-month,electronic-check,0,0
C001320,2,92.33,month-to-month,credit-card,0,1
C001321,68,105.8,month-to-month,electronic-check,0,1
C001322,1,116.06,one-year,credit-card,0,0
C001323,63,112.42,one-year,credit-card,0,0
C001324,58,32.92,month-to-month,electronic-check,1,0
C001325,1,91.18,two-year,electronic-check,1,0
C001326,20,20.9,two-year,bank-transfer,1,0
C001327,4,84.86,one-year,credit-card,2,0
C001328,52,52.19,one-year,bank-transfer,0,1
C001329,69,103.82,two-year,electronic-check,3,0
C001330,70,54.68,two-year,electronic-check,0,0
C001331,16,70.97,one-year,electronic-check,0,1
C001332,27,115.87,one-year,credit-card,0,0
C001333,36,48.64,one-year,credit-card,0,1
C001334,72,58.96,one-year,electronic-check,0,0
C001335,22,67.11,two-year,bank-transfer,2,0
C001336,60,114.73,one-year,bank-transfer,0,1
C001337,63,106.78,two-year,credit-card,0,0
C001338,15,52.87,two-year,electronic-check,0,0
C001339,15,114.58,one-year,bank-transfer,0,0
C001340,40,34.22,two-year,credit-card,0,0
C001341,41,118.38,month-to-month,electronic-check,0,0
C001342,53,73.49,one-year,bank-transfer,0,0
C001343,69,46.38,month-to-month,electronic-check,0,1
C001344,49,107.7,month-to-month,bank-transfer,2,0
C001345,4,114.41,month-to-month,bank-transfer,0,1
C001346,31,75.18,month-to-month,electronic-check,0,0
C001347,44,27.15,month-to-month,electronic-check,0,0
C001348,10,94.21,month-to-month,bank-transfer,0,1
C001349,69,100.9,month-to-month,electronic-check,0,0
C001350,33,60.89,two-year,electronic-check,0,0
C001351,4,74.26,month-to-month,electronic-check,0,1
C001352,53,61.16,one-year,electronic-check,0,0
C001353,12,102.42,month-to-month,electronic-check,0,1
C001354,23,91.46,one-year,credit-card,0,0
C001355,8,63.15,one-year,credit-card,0,0
C001356,27,113.2,month-to-month,electronic-check,0,0
C001357,13,63.92,month-to-month,credit-card,0,1
C001358,21,99.52,one-year,bank-transfer,1,0
C001359,58,38.44,one-year,credit-card,0,0
C001360,64,30.51,month-to-month,electronic-check,0,0
C001361,11,81.19,one-year,bank-transfer,0,0
C001362,18,80.94,one-year,bank-transfer,0,0
C001363,13,109.65,one-year,electronic-check,0,0
C001364,31,44.78,one-year,electronic-check,1,0
C001365,64,63.66,one-year,electronic-check,1,0
C001366,45,103.42,month-to-month,bank-transfer,0,1
C001367,24,94.48,one-year,electronic-check,3,1
C001368,52,27.13,two-year,credit-card,0,0
C001369,68,113.96,month-to-month,credit-card,0,1
C001370,27,55.78,one-year,electronic-check,0,0
C001371,1,114.15,one-year,bank-transfer,1,0
C001372,39,21.37,two-year,electronic-check,1,0
C001373,50,117.4,month-to-month,bank-transfer,1,1
C001374,3,111.79,one-year,electronic-check,0,0
C001375,5,35.77,one-year,electronic-check,1,1
C001376,35,96.62,one-year,electronic-check,0,0
C001377,45,21.8,one-year,credit-card,2,0
C001378,15,98.9,month-to-month,bank-transfer,1,0
C001379,16,46.89,month-to-month,bank-transfer,0,0
C001380,67,115.6,two-year,bank-transfer,2,0
C001381,1,88.84,month-to-month,electronic-check,0,0
C001382,68,97.45,two-year,electronic-check,3,0
C001383,30,42.63,month-to-month,bank-transfer,5,1
C001384,8,54.58,one-year,electronic-check,0,0
C001385,39,72.01,one-year,credit-card,0,0
C001386,58,90.26,one-year,credit-card,0,0
C001387,30,60.81,one-year,electronic-check,0,0
C001388,40,74.14,month-to-month,bank-transfer,0,1
C001389,5,40.59,two-year,electronic-check,0,0
C001390,54,59.47,two-year,bank-transfer,0,0
C001391,59,113.27,two-year,credit-card,0,0
C001392,39,41.79,two-year,credit-card,0,0
C001393,71,56.64,two-year,credit-card,1,0
C001394,17,27.35,two-year,credit-card,1,0
C001395,3,36.1,two-year,credit-card,0,0
C001396,27,68.37,one-year,bank-transfer,0,0
C001397,34,55.99,one-year,bank-transfer,0,1
C001398,64,86.26,two-year,electronic-check,0,0
C001399,27,103.26,one-year,bank-transfer,2,0
C001400,59,76.13,month-to-month,credit-card,0,0
C001401,25,82.85,month-to-month,electronic-check,1,0
C001402,3,39.57,two-year,electronic-check,2,0
C001403,15,37.18,one-year,bank-transfer,0,1
C001404,49,47.83,two-year,credit-card,0,0
C001405,54,43.37,two-year,bank-transfer,0,0
C001406,24,36.28,one-year,bank-transfer,0,0
C001407,68,98.0,two-year,electronic-check,1,0
C001408,22,40.68,month-to-month,credit-card,0,0
C001409,41,85.61,month-to-month,credit-card,4,0
C001410,68,21.78,month-to-month,electronic-check,0,0
C001411,11,30.5,two-year,bank-transfer,0,0
C001412,44,57.42,two-year,electronic-check,0,0
C001413,21,96.96,one-year,electronic-check,2,0
C001414,6,117.06,two-year,credit-card,0,0
C001415,30,63.07,two-year,bank-transfer,0,0
C001416,55,61.3,two-year,bank-transfer,1,0
C001417,34,91.02,one-year,bank-transfer,0,0
C001418,46,70.05,month-to-month,electronic-check,0,1
C001419,39,30.52,two-year,bank-transfer,0,0
C001420,45,67.8,month-to-month,bank-transfer,0,1
C001421,59,21.84,one-year,electronic-check,0,0
C001422,46,97.9,one-year,bank-transfer,1,0
C001423,1,34.91,one-year,credit-card,2,0
C001424,50,33.07,month-to-month,electronic-check,0,1
C001425,6,84.19,two-year,electronic-check,1,0
C001426,5,92.04,month-to-month,credit-card,0,1
C001427,40,57.38,two-year,electronic-check,0,0
C001428,48,40.19,one-year,electronic-check,2,0
C001429,23,68.69,month-to-month,electronic-check,0,0
C001430,10,119.06,month-to-month,electronic-check,1,0
C001431,10,31.73,two-year,credit-card,0,0
C001432,62,56.85,month-to-month,credit-card,2,0
C001433,21,89.82,month-to-month,credit-card,0,1
C001434,62,46.61,two-year,credit-card,0,0
C001435,31,70.9,one-year,electronic-check,0,0
C001436,7,45.02,month-to-month,electronic-check,0,0
C001437,66,111.45,month-to-month,bank-transfer,0,0
C001438,69,54.47,month-to-month,bank-transfer,1,1
C001439,60,26.89,month-to-month,bank-transfer,0,0
C001440,15,33.86,month-to-month,electronic-check,4,1
C001441,58,36.7,month-to-month,bank-transfer,0,0
C001442,24,38.6,two-year,bank-transfer,3,0
C001443,62,29.5,one-year,credit-card,0,1
C001444,14,42.76,month-to-month,credit-card,0,1
C001445,50,116.49,two-year,electronic-check,0,0
C001446,67,32.5,two-year,electronic-check,0,0
C001447,42,29.37,two-year,bank-transfer,0,0
C001448,44,25.24,month-to-month,bank-transfer,0,1
C001449,43,106.45,two-year,credit-card,0,0
C001450,32,79.9,one-year,credit-card,0,0
C001451,18,82.41,two-year,electronic-check,0,0
C001452,23,46.22,month-to-month,bank-transfer,0,1
C001453,44,109.67,month-to-month,electronic-check,4,1
C001454,26,81.38,month-to-month,electronic-check,0,1
C001455,23,85.31,month-to-month,credit-card,1,1
C001456,49,74.65,one-year,bank-transfer,0,0
C001457,31,26.99,month-to-month,bank-transfer,2,0
C001458,60,77.74,one-year,electronic-check,0,0
C001459,42,78.27,month-to-month,credit-card,1,1
C001460,34,51.41,month-to-month,electronic-check,0,0
C001461,12,48.87,one-year,bank-transfer,0,0
C001462,29,58.51,month-to-month,bank-transfer,0,0
C001463,39,110.2,one-year,bank-transfer,0,0
C001464,4,22.61,month-to-month,electronic-check,0,0
C001465,39,36.02,two-year,bank-transfer,0,0
C001466,14,31.7,month-to-month,electronic-check,0,0
C001467,63,112.43,month-to-month,electronic-check,1,1
C001468,67,55.18,one-year,credit-card,0,0
C001469,42,55.37,one-year,credit-card,0,0
C001470,61,55.76,month-to-month,credit-card,1,0
C001471,48,90.07,month-to-month,electronic-check,0,1
C001472,5,58.3,two-year,electronic-check,1,0
C001473,45,32.44,two-year,credit-card,0,0
C001474,12,46.87,month-to-month,bank-transfer,0,1
C001475,46,20.75,month-to-month,credit-card,3,1
C001476,14,80.83,two-year,bank-transfer,0,0
C001477,60,91.08,one-year,electronic-check,1,0
C001478,14,27.55,month-to-month,electronic-check,0,0
C001479,11,52.12,one-year,credit-card,1,0
C001480,19,69.26,two-year,bank-transfer,0,0
C001481,59,76.38,one-year,bank-transfer,0,0
C001482,21,49.64,two-year,bank-transfer,0,0
C001483,62,117.16,month-to-month,bank-transfer,2,0
C001484,11,29.5,two-year,credit-card,2,0
C001485,55,68.23,one-year,electronic-check,0,1
C001486,61,32.89,two-year,bank-transfer,0,0
C001487,66,103.5,month-to-month,bank-transfer,0,0
C001488,3,87.57,one-year,bank-transfer,0,0
C001489,48,35.82,two-year,credit-card,0,0
C001490,35,49.49,month-to-month,electronic-check,1,0
C001491,53,56.94,month-to-month,electronic-check,0,1
C001492,63,63.54,two-year,electronic-check,2,0
C001493,10,88.64,month-to-month,electronic-check,0,1
C001494,29,100.28,two-year,credit-card,0,0
C001495,44,47.66,two-year,electronic-check,0,0
C001496,10,74.04,month-to-month,credit-card,3,1
C001497,36,105.48,month-to-month,credit-card,1,1
C001498,9,88.16,two-year,electronic-check,0,0
C001499,40,80.85,one-year,electronic-check,1,0
C001500,42,41.13,one-year,electronic-check,0,0
C001501,64,27.58,two-year,electronic-check,0,0
C001502,2,39.5,one-year,electronic-check,0,0
C001503,67,35.74,one-year,bank-transfer,1,0
C001504,25,74.75,month-to-month,electronic-check,1,0
C001505,44,26.9,two-year,bank-transfer,2,0
C001506,69,25.91,month-to-month,credit-card,0,1
C001507,23,55.87,two-year,bank-transfer,0,0
C001508,57,74.71,month-to-month,electronic-check,0,0
C001509,19,40.58,two-year,electronic-check,0,0
C001510,8,60.79,one-year,credit-card,2,0
C001511,71,34.61,two-year,bank-transfer,0,1
C001512,56,91.26,month-to-month,bank-transfer,0,0
C001513,8,115.31,two-year,credit-card,1,0
C001514,25,92.14,two-year,credit-card,0,0
C001515,39,111.86,one-year,credit-card,0,0
C001516,63,61.16,two-year,electronic-check,0,0
C001517,72,55.4,month-to-month,electronic-check,0,0
C001518,38,31.22,one-year,credit-card,0,0
C001519,44,43.38,two-year,credit-card,1,0
C001520,33,28.38,month-to-month,credit-card,0,0
C001521,70,64.09,one-year,credit-card,1,0
C001522,48,31.7,one-year,credit-card,0,0
C001523,48,51.1,month-to-month,electronic-check,5,0
C001524,17,26.45,month-to-month,electronic-check,0,1
C001525,59,114.45,one-year,bank-transfer,0,0
C001526,48,107.38,month-to-month,electronic-check,0,1
C001527,55,78.11,one-year,electronic-check,0,0
C001528,36,107.04,one-year,electronic-check,0,0
C001529,36,24.17,one-year,credit-card,0,0
C001530,42,25.67,two-year,credit-card,0,0
C001531,27,57.65,two-year,electronic-check,0,0
C001532,18,23.21,month-to-month,credit-card,4,1
C001533,15,71.43,two-year,bank-transfer,3,0
C001534,5,62.03,one-year,electronic-check,0,0
C001535,45,24.49,one-year,credit-card,1,0
C001536,49,113.01,two-year,credit-card,0,0
C001537,18,93.54,month-to-month,credit-card,4,0
C001538,3,103.31,two-year,credit-card,0,1
C001539,72,86.01,two-year,electronic-check,0,0
C001540,63,106.97,one-year,credit-card,0,0
C001541,16,60.61,one-year,credit-card,0,1
C001542,59,37.37,one-year,electronic-check,0,0
C001543,38,66.87,month-to-month,credit-card,0,0
C001544,72,80.0,two-year,bank-transfer,0,0
C001545,19,53.82,month-to-month,credit-card,0,0
C001546,59,113.14,two-year,bank-transfer,1,0
C001547,28,23.18,two-year,credit-card,0,0
C001548,17,28.82,two-year,electronic-check,0,0
C001549,53,98.97,month-to-month,credit-card,0,1
C001550,70,61.69,two-year,credit-card,0,0
C001551,57,112.86,two-year,credit-card,0,0
C001552,12,72.7,one-year,electronic-check,2,0
C001553,60,100.72,month-to-month,bank-transfer,0,1
C001554,43,81.07,one-year,electronic-check,0,0
C001555,64,59.19,one-year,bank-transfer,0,0
C001556,61,56.17,one-year,electronic-check,1,0
C001557,45,48.81,month-to-month,electronic-check,0,1
C001558,9,29.18,month-to-month,bank-transfer,0,1
C001559,6,86.56,month-to-month,electronic-check,0,0
C001560,57,75.87,two-year,electronic-check,0,0
C001561,12,100.42,two-year,bank-transfer,0,0
C001562,24,110.95,two-year,electronic-check,0,0
C001563,20,26.25,one-year,bank-transfer,0,0
C001564,66,75.97,one-year,electronic-check,0,0
C001565,49,46.4,two-year,credit-card,0,0
C001566,62,103.83,two-year,credit-card,0,0
C001567,47,111.28,two-year,electronic-check,0,0
C001568,5,89.67,month-to-month,credit-card,0,1
C001569,16,41.26,one-year,bank-transfer,0,1
C001570,57,93.85,one-year,bank-transfer,1,1
C001571,22,69.45,two-year,credit-card,2,0
C001572,21,36.99,two-year,bank-transfer,0,0
C001573,4,52.45,two-year,bank-transfer,0,0
C001574,37,70.77,one-year,electronic-check,4,1
C001575,34,34.01,two-year,bank-transfer,1,0
C001576,70,46.69,month-to-month,credit-card,0,1
C001577,72,94.92,one-year,credit-card,5,0
C001578,34,68.81,month-to-month,credit-card,0,1
C001579,1,93.54,two-year,bank-transfer,0,0
C001580,15,90.32,month-to-month,bank-transfer,0,0
C001581,72,82.26,one-year,credit-card,0,0
C001582,39,46.41,one-year,credit-card,2,0
C001583,33,44.83,month-to-month,electronic-check,0,1
C001584,42,77.32,one-year,electronic-check,0,0
C001585,67,70.78,one-year,credit-card,3,0
C001586,44,89.74,one-year,electronic-check,0,0
C001587,67,20.73,two-year,bank-transfer,0,0
C001588,60,26.12,one-year,bank-transfer,0,0
C001589,53,106.81,month-to-month,bank-transfer,0,1
C001590,58,86.5,one-year,electronic-check,0,0
C001591,1,92.48,month-to-month,bank-transfer,0,1
C001592,25,95.36,month-to-month,electronic-check,0,0
C001593,6,98.72,two-year,electronic-check,0,0
C001594,42,100.49,one-year,bank-transfer,0,0
C001595,61,28.01,month-to-month,electronic-check,0,1
C001596,35,108.89,one-year,credit-card,0,0
C001597,41,95.2,two-year,electronic-check,5,0
C001598,66,117.59,two-year,bank-transfer,0,0
C001599,41,117.2,one-year,electronic-check,0,0
C001600,65,116.13,two-year,credit-card,0,0
C001601,46,87.3,one-year,credit-card,0,0
C001602,51,52.62,one-year,credit-card,0,0
C001603,57,48.21,two-year,bank-transfer,2,0
C001604,4,111.95,two-year,credit-card,1,0
C001605,69,117.84,month-to-month,bank-transfer,0,0
C001606,28,70.24,month-to-month,credit-card,0,0
C001607,20,102.3,one-year,electronic-check,0,0
C001608,14,107.14,month-to-month,electronic-check,0,1
C001609,39,31.03,one-year,bank-transfer,0,0
C001610,47,42.13,month-to-month,electronic-check,0,1
C001611,19,95.07,month-to-month,bank-transfer,0,1
C001612,28,58.65,month-to-month,electronic-check,0,1
C001613,44,108.61,two-year,electronic-check,0,0
C001614,71,73.31,two-year,bank-transfer,0,0
C001615,51,72.08,month-to-month,electronic-check,0,0
C001616,8,66.0,two-year,electronic-check,3,0
C001617,67,20.85,one-year,credit-card,0,0
C001618,53,51.36,month-to-month,bank-transfer,0,0
C001619,32,93.41,one-year,bank-transfer,0,0
C001620,21,97.02,two-year,bank-transfer,3,0
C001621,15,100.37,one-year,bank-transfer,0,0
C001622,54,63.86,one-year,bank-transfer,0,0
C001623,51,111.66,two-year,bank-transfer,0,0
C001624,8,40.06,one-year,bank-transfer,2,1
C001625,17,91.3,two-year,electronic-check,0,0
C001626,1,52.81,month-to-month,credit-card,1,1
C001627,38,109.96,month-to-month,credit-card,0,0
C001628,3,74.84,month-to-month,credit-card,0,1
C001629,19,81.84,one-year,electronic-check,0,0
C001630,21,37.97,month-to-month,credit-card,0,0
C001631,28,38.83,two-year,credit-card,0,0
C001632,9,35.94,month-to-month,credit-card,0,1
C001633,13,104.55,two-year,credit-card,0,0
C001634,5,29.9,one-year,electronic-check,0,0
C001635,26,57.68,two-year,electronic-check,0,0
C001636,20,32.57,two-year,credit-card,0,0
C001637,69,91.87,two-year,electronic-check,0,0
C001638,47,89.46,one-year,credit-card,0,1
C001639,67,32.92,two-year,bank-transfer,2,0
C001640,59,96.88,two-year,bank-transfer,3,0
C001641,53,40.76,month-to-month,bank-transfer,0,0
C001642,28,108.55,one-year,bank-transfer,0,0
C001643,67,41.66,two-year,credit-card,1,0
C001644,64,85.31,one-year,bank-transfer,1,0
C001645,52,104.59,month-to-month,bank-transfer,0,0
C001646,18,101.13,two-year,credit-card,0,0
C001647,12,46.54,two-year,electronic-check,1,0
C001648,63,119.95,two-year,bank-transfer,0,0
C001649,8,21.32,month-to-month,electronic-check,0,1
C001650,11,106.73,month-to-month,credit-card,2,1
C001651,15,83.57,two-year,electronic-check,0,0
C001652,23,41.96,month-to-month,bank-transfer,0,0
C001653,72,38.13,one-year,bank-transfer,0,0
C001654,11,61.86,two-year,credit-card,0,0
C001655,39,77.43,month-to-month,bank-transfer,0,1
C001656,25,87.66,month-to-month,bank-transfer,0,0
C001657,48,99.71,two-year,credit-card,0,0
C001658,71,75.17,month-to-month,credit-card,1,1
C001659,66,55.8,month-to-month,bank-transfer,1,1
C001660,56,49.94,two-year,electronic-check,0,0
C001661,54,33.11,two-year,credit-card,0,0
C001662,36,101.23,two-year,electronic-check,0,0
C001663,26,44.39,month-to-month,credit-card,0,0
C001664,40,55.21,month-to-month,electronic-check,0,0
C001665,45,114.9,month-to-month,electronic-check,4,1
C001666,58,104.19,month-to-month,credit-card,0,0
C001667,41,34.93,two-year,credit-card,0,0
C001668,54,37.91,one-year,electronic-check,0,0
C001669,43,116.08,month-to-month,electronic-check,2,1
C001670,16,43.44,one-year,electronic-check,0,0
C001671,62,56.22,month-to-month,bank-transfer,0,0
C001672,64,44.37,two-year,electronic-check,2,0
C001673,6,60.12,month-to-month,bank-transfer,0,0
C001674,68,55.72,two-year,electronic-check,3,0
C001675,46,39.75,two-year,bank-transfer,0,0
C001676,5,74.88,one-year,credit-card,0,0
C001677,24,112.7,two-year,bank-transfer,1,0
C001678,33,42.83,one-year,credit-card,0,0
C001679,2,74.51,one-year,electronic-check,0,0
C001680,46,60.68,one-year,bank-transfer,0,0
C001681,24,101.06,one-year,bank-transfer,0,0
C001682,16,61.86,one-year,credit-card,0,0
C001683,52,75.62,month-to-month,credit-card,0,0
C001684,22,81.5,one-year,credit-card,0,0
C001685,23,33.87,one-year,bank-transfer,1,0
C001686,43,21.89,one-year,credit-card,0,0
C001687,14,39.55,two-year,electronic-check,2,0
C001688,7,96.09,month-to-month,bank-transfer,0,0
C001689,54,93.51,month-to-month,electronic-check,0,1
C001690,9,92.21,month-to-month,bank-transfer,0,1
C001691,27,89.58,month-to-month,credit-card,0,0
C001692,67,105.12,one-year,credit-card,0,0
C001693,1,24.99,one-year,bank-transfer,0,0
C001694,56,22.42,two-year,credit-card,0,0
C001695,64,117.44,month-to-month,bank-transfer,0,0
C001696,9,73.75,one-year,electronic-check,3,0
C001697,66,80.73,two-year,electronic-check,0,0
C001698,11,76.6,one-year,bank-transfer,0,0
C001699,15,46.5,month-to-month,bank-transfer,0,1
C001700,71,63.67,one-year,bank-transfer,1,0
C001701,8,108.44,month-to-month,bank-transfer,1,1
C001702,2,37.41,two-year,bank-transfer,1,0
C001703,9,91.9,one-year,bank-transfer,0,0
C001704,18,68.96,two-year,credit-card,0,0
C001705,68,35.11,one-year,electronic-check,0,0
C001706,72,91.76,month-to-month,electronic-check,0,0
C001707,17,114.42,one-year,credit-card,0,1
C001708,68,67.43,two-year,bank-transfer,0,0
C001709,9,60.0,two-year,electronic-check,0,0
C001710,19,88.17,two-year,bank-transfer,0,0
C001711,54,99.15,month-to-month,electronic-check,1,1
C001712,29,98.26,one-year,credit-card,0,1
C001713,44,77.2,two-year,electronic-check,1,0
C001714,2,56.94,one-year,electronic-check,0,0
C001715,35,95.22,one-year,bank-transfer,0,0
C001716,44,117.85,two-year,electronic-check,0,0
C001717,4,46.71,month-to-month,electronic-check,0,1
C001718,27,78.71,month-to-month,bank-transfer,0,1
C001719,44,114.23,month-to-month,credit-card,0,1
C001720,42,88.81,one-year,electronic-check,0,1
C001721,11,61.74,one-year,electronic-check,0,0
C001722,46,84.26,one-year,credit-card,0,0
C001723,64,102.49,two-year,bank-transfer,0,0
C001724,48,31.07,two-year,bank-transfer,0,0
C001725,38,47.05,two-year,electronic-check,0,0
C001726,6,57.27,one-year,credit-card,4,1
C001727,49,37.1,month-to-month,bank-transfer,1,1
C001728,10,87.78,two-year,credit-card,0,0
C001729,19,63.18,one-year,bank-transfer,0,0
C001730,10,62.05,two-year,electronic-check,3,0
C001731,3,108.51,one-year,credit-card,2,0
C001732,6,96.24,month-to-month,credit-card,1,0
C001733,39,99.46,one-year,bank-transfer,0,1
C001734,38,56.6,one-year,bank-transfer,0,0
C001735,29,39.9,one-year,electronic-check,0,0
C001736,20,118.25,one-year,bank-transfer,0,0
C001737,55,91.98,month-to-month,bank-transfer,1,1
C001738,19,111.92,two-year,electronic-check,0,0
C001739,44,72.69,one-year,bank-transfer,1,0
C001740,40,65.71,month-to-month,bank-transfer,0,0
C001741,2,87.31,one-year,electronic-check,0,0
C001742,62,95.45,month-to-month,credit-card,1,1
C001743,63,87.93,one-year,electronic-check,0,0
C001744,49,88.09,two-year,bank-transfer,0,0
C001745,14,58.12,two-year,bank-transfer,2,0
C001746,70,48.39,two-year,electronic-check,0,0
C001747,47,92.29,two-year,electronic-check,0,0
C001748,16,39.47,one-year,electronic-check,2,0
C001749,64,66.24,two-year,bank-transfer,1,0
C001750,63,82.69,one-year,electronic-check,2,0
C001751,6,58.11,month-to-month,electronic-check,1,1
C001752,39,79.88,two-year,credit-card,0,0
C001753,14,48.03,one-year,credit-card,0,0
C001754,29,103.05,month-to-month,electronic-check,0,0
C001755,32,56.28,one-year,bank-transfer,0,0
C001756,27,104.78,one-year,credit-card,0,0
C001757,72,70.82,month-to-month,electronic-check,0,0
C001758,49,110.33,month-to-month,credit-card,1,0
C001759,65,64.72,month-to-month,electronic-check,0,0
C001760,36,38.46,month-to-month,electronic-check,0,0
C001761,47,114.26,two-year,credit-card,1,0
C001762,10,75.15,one-year,electronic-check,0,0
C001763,55,20.88,two-year,bank-transfer,0,0
C001764,31,109.55,one-year,electronic-check,0,0
C001765,17,68.02,two-year,credit-card,0,0
C001766,14,50.31,one-year,bank-transfer,0,1
C001767,37,26.37,two-year,credit-card,0,0
C001768,69,35.03,one-year,credit-card,0,0
C001769,18,104.57,one-year,bank-transfer,0,0
C001770,20,89.06,month-to-month,credit-card,0,1
C001771,12,107.0,two-year,credit-card,2,0
C001772,41,71.09,two-year,electronic-check,3,0
C001773,39,109.18,one-year,electronic-check,0,0
C001774,56,107.0,one-year,credit-card,0,0
C001775,62,42.06,two-year,credit-card,0,0
C001776,63,84.32,month-to-month,credit-card,0,1
C001777,62,43.06,two-year,bank-transfer,2,0
C001778,59,92.14,one-year,electronic-check,0,0
C001779,51,72.77,one-year,electronic-check,0,1
C001780,25,89.06,one-year,electronic-check,0,0
C001781,34,69.61,two-year,bank-transfer,0,0
C001782,32,69.35,month-to-month,bank-transfer,2,0
C001783,10,31.75,two-year,credit-card,3,0
C001784,59,61.15,one-year,credit-card,2,0
C001785,12,65.04,one-year,electronic-check,0,0
C001786,65,25.22,two-year,electronic-check,0,0
C001787,25,64.81,month-to-month,credit-card,0,1
C001788,15,93.99,month-to-month,electronic-check,1,0
C001789,43,111.93,two-year,electronic-check,0,0
C001790,13,33.63,month-to-month,credit-card,4,0
C001791,60,70.63,one-year,electronic-check,1,0
C001792,8,20.47,one-year,bank-transfer,3,1
C001793,15,93.5,one-year,bank-transfer,0,0
C001794,62,116.01,month-to-month,credit-card,0,1
C001795,43,104.91,two-year,bank-transfer,0,0
C001796,49,25.05,one-year,credit-card,0,0
C001797,22,50.91,month-to-month,bank-transfer,0,0
C001798,56,71.8,month-to-month,electronic-check,0,0
C001799,19,62.07,one-year,electronic-check,0,0
C001800,38,27.51,month-to-month,credit-card,0,0
C001801,55,31.81,one-year,bank-transfer,0,0
C001802,49,75.53,month-to-month,credit-card,1,0
C001803,51,96.17,two-year,credit-card,1,0
C001804,70,104.01,one-year,bank-transfer,1,1
C001805,55,22.08,one-year,bank-transfer,2,0
C001806,42,24.6,two-year,electronic-check,0,0
C001807,20,82.55,month-to-month,bank-transfer,0,0
C001808,13,51.45,two-year,electronic-check,0,0
C001809,63,79.47,two-year,bank-transfer,3,0
C001810,62,76.91,one-year,bank-transfer,2,0
C001811,6,112.22,two-year,credit-card,0,0
C001812,45,35.89,month-to-month,credit-card,1,1
C001813,65,73.61,two-year,electronic-check,2,0
C001814,6,93.45,two-year,electronic-check,0,0
C001815,59,88.65,month-to-month,credit-card,0,0
C001816,37,67.31,two-year,electronic-check,3,0
C001817,65,57.25,two-year,electronic-check,0,0
C001818,59,115.27,month-to-month,electronic-check,0,1
C001819,6,41.3,month-to-month,electronic-check,0,1
C001820,26,39.89,two-year,electronic-check,0,0
C001821,24,81.98,one-year,bank-transfer,1,0
C001822,43,58.95,two-year,credit-card,0,0
C001823,56,118.91,two-year,credit-card,0,0
C001824,52,65.15,one-year,credit-card,0,0
C001825,26,98.98,one-year,credit-card,0,0
C001826,68,70.59,one-year,bank-transfer,5,0
C001827,18,90.12,two-year,bank-transfer,0,0
C001828,36,60.67,month-to-month,electronic-check,0,0
C001829,43,27.31,one-year,bank-transfer,1,1
C001830,24,111.88,one-year,bank-transfer,0,0
C001831,4,56.78,one-year,electronic-check,0,0
C001832,13,107.24,two-year,bank-transfer,0,0
C001833,54,106.43,two-year,electronic-check,0,0
C001834,7,44.45,month-to-month,electronic-check,0,0
C001835,41,87.41,one-year,electronic-check,0,0
C001836,48,45.93,two-year,bank-transfer,0,0
C001837,24,41.67,one-year,electronic-check,2,1
C001838,2,24.75,month-to-month,electronic-check,1,1
C001839,70,88.4,one-year,credit-card,0,0
C001840,71,104.98,month-to-month,credit-card,0,0
C001841,63,107.15,month-to-month,credit-card,3,1
C001842,63,96.26,month-to-month,bank-transfer,1,1
C001843,40,29.91,two-year,electronic-check,0,0
C001844,49,81.68,two-year,electronic-check,0,1
C001845,12,115.06,month-to-month,bank-transfer,3,0
C001846,9,60.48,month-to-month,credit-card,1,1
C001847,7,35.06,month-to-month,electronic-check,0,1
C001848,23,61.65,one-year,electronic-check,0,0
C001849,65,91.21,two-year,bank-transfer,0,0
C001850,8,37.75,two-year,electronic-check,0,0
C001851,5,56.44,one-year,credit-card,1,0
C001852,30,29.5,month-to-month,electronic-check,3,1
C001853,26,108.34,month-to-month,bank-transfer,1,1
C001854,45,58.94,one-year,bank-transfer,0,0
C001855,39,36.07,two-year,bank-transfer,0,0
C001856,60,70.74,two-year,bank-transfer,0,0
C001857,61,89.34,two-year,bank-transfer,0,0
C001858,52,91.23,one-year,bank-transfer,0,0
C001859,23,45.64,month-to-month,electronic-check,0,1
C001860,4,114.09,one-year,credit-card,1,0
C001861,69,70.52,one-year,electronic-check,0,0
C001862,57,25.39,one-year,credit-card,0,0
C001863,67,58.18,two-year,bank-transfer,1,0
C001864,11,21.28,one-year,bank-transfer,0,0
C001865,1,56.45,month-to-month,bank-transfer,2,1
C001866,12,82.42,one-year,bank-transfer,0,1
C001867,13,67.98,month-to-month,credit-card,0,1
C001868,56,95.31,month-to-month,electronic-check,0,0
C001869,17,88.56,month-to-month,credit-card,0,0
C001870,34,24.17,two-year,bank-transfer,0,0
C001871,48,54.42,two-year,electronic-check,0,0
C001872,60,70.34,one-year,electronic-check,2,0
C001873,23,62.92,one-year,bank-transfer,0,0
C001874,22,76.67,one-year,bank-transfer,0,0
C001875,29,102.43,month-to-month,electronic-check,0,0
C001876,6,50.39,month-to-month,credit-card,0,1
C001877,65,97.24,one-year,electronic-check,0,0
C001878,43,115.54,two-year,bank-transfer,0,1
C001879,39,24.57,one-year,credit-card,1,0
C001880,55,100.37,two-year,credit-card,0,0
C001881,46,49.65,one-year,electronic-check,2,0
C001882,17,21.31,one-year,bank-transfer,0,1
C001883,14,91.66,one-year,bank-transfer,2,0
C001884,61,25.91,month-to-month,electronic-check,0,0
C001885,31,118.48,two-year,credit-card,5,0
C001886,38,43.27,two-year,credit-card,0,0
C001887,61,101.38,one-year,credit-card,0,0
C001888,67,62.55,month-to-month,credit-card,0,0
C001889,61,79.76,one-year,electronic-check,0,0
C001890,2,37.62,one-year,bank-transfer,1,0
C001891,60,88.33,month-to-month,electronic-check,0,0
C001892,24,36.64,month-to-month,electronic-check,0,1
C001893,15,70.4,one-year,credit-card,1,0
C001894,70,57.84,month-to-month,electronic-check,0,0
C001895,57,31.63,month-to-month,credit-card,1,1
C001896,47,53.22,month-to-month,credit-card,0,0
C001897,57,44.06,month-to-month,bank-transfer,0,0
C001898,9,33.43,two-year,credit-card,0,0
C001899,35,74.71,two-year,credit-card,1,0
C001900,65,44.36,two-year,electronic-check,0,0
C001901,66,30.96,two-year,bank-transfer,2,0
C001902,39,118.56,one-year,bank-transfer,0,1
C001903,63,99.54,two-year,bank-transfer,0,0
C001904,54,102.98,month-to-month,credit-card,0,1
C001905,46,66.96,one-year,credit-card,0,0
C001906,38,35.91,two-year,credit-card,0,0
C001907,71,100.95,two-year,electronic-check,4,0
C001908,70,60.16,two-year,credit-card,2,0
C001909,41,112.52,one-year,electronic-check,0,0
C001910,56,46.66,two-year,credit-card,1,0
C001911,17,49.69,one-year,bank-transfer,4,0
C001912,70,23.45,month-to-month,electronic-check,0,1
C001913,43,103.11,two-year,electronic-check,0,0
C001914,50,39.27,two-year,bank-transfer,0,0
C001915,59,96.91,one-year,electronic-check,3,0
C001916,9,75.43,month-to-month,electronic-check,1,0
C001917,58,70.81,month-to-month,bank-transfer,2,0
C001918,68,63.4,one-year,credit-card,0,0
C001919,4,94.88,two-year,electronic-check,0,0
C001920,30,62.03,two-year,electronic-check,0,0
C001921,32,96.18,two-year,credit-card,0,0
C001922,36,79.55,two-year,credit-card,0,0
C001923,32,51.02,month-to-month,electronic-check,0,0
C001924,9,37.58,two-year,electronic-check,0,0
C001925,48,88.86,month-to-month,credit-card,0,0
C001926,39,43.65,two-year,electronic-check,0,0
C001927,71,35.86,month-to-month,electronic-check,0,0
C001928,27,81.45,month-to-month,bank-transfer,0,1
C001929,28,91.49,two-year,bank-transfer,0,0
C001930,45,69.18,month-to-month,electronic-check,0,0
C001931,37,43.73,one-year,electronic-check,0,0
C001932,53,118.65,one-year,bank-transfer,0,0
C001933,19,21.58,one-year,bank-transfer,0,0
C001934,55,57.01,one-year,electronic-check,0,0
C001935,36,101.8,month-to-month,credit-card,0,1
C001936,70,73.06,month-to-month,credit-card,1,1
C001937,58,61.73,month-to-month,credit-card,0,0
C001938,22,96.12,month-to-month,bank-transfer,2,1
C001939,18,52.02,month-to-month,bank-transfer,0,1
C001940,35,61.2,two-year,credit-card,1,1
C001941,4,107.32,one-year,credit-card,0,0
C001942,72,66.73,month-to-month,credit-card,0,1
C001943,56,62.19,two-year,bank-transfer,0,0
C001944,28,48.5,month-to-month,credit-card,1,1
C001945,55,37.9,two-year,bank-transfer,0,0
C001946,69,92.82,two-year,credit-card,0,1
C001947,33,37.28,one-year,bank-transfer,2,0
C001948,63,77.07,one-year,bank-transfer,0,0
C001949,72,59.6,month-to-month,bank-transfer,0,0
C001950,10,55.17,two-year,electronic-check,0,0
C001951,6,50.52,one-year,electronic-check,0,0
C001952,16,57.98,two-year,credit-card,1,1
C001953,38,108.53,one-year,electronic-check,1,0
C001954,51,102.76,one-year,electronic-check,0,1
C001955,15,91.33,month-to-month,bank-transfer,2,0
C001956,45,57.2,two-year,credit-card,0,0
C001957,30,70.43,two-year,bank-transfer,1,0
C001958,24,76.6,month-to-month,credit-card,0,0
C001959,29,108.33,two-year,bank-transfer,0,0
C001960,49,80.22,month-to-month,credit-card,1,1
C001961,45,84.54,one-year,electronic-check,0,0
C001962,47,48.42,one-year,bank-transfer,0,0
C001963,57,90.09,one-year,electronic-check,0,1
C001964,68,53.74,two-year,electronic-check,0,0
C001965,6,53.59,two-year,bank-transfer,2,1
C001966,55,67.5,month-to-month,credit-card,0,0
C001967,1,25.69,one-year,electronic-check,0,1
C001968,48,55.14,one-year,electronic-check,2,0
C001969,28,119.03,one-year,bank-transfer,1,1
C001970,56,54.07,two-year,bank-transfer,0,0
C001971,36,46.14,one-year,credit-card,0,0
C001972,69,31.79,one-year,bank-transfer,3,0
C001973,57,72.09,month-to-month,electronic-check,2,1
C001974,14,53.87,two-year,credit-card,0,0
C001975,52,51.46,month-to-month,credit-card,2,0
C001976,2,81.36,one-year,credit-card,0,0
C001977,61,52.6,one-year,credit-card,0,1
C001978,59,117.25,month-to-month,credit-card,3,0
C001979,70,42.17,one-year,credit-card,0,0
C001980,70,39.09,month-to-month,bank-transfer,0,1
C001981,13,97.3,one-year,credit-card,0,0
C001982,49,115.25,one-year,electronic-check,0,0
C001983,47,88.02,two-year,electronic-check,0,0
C001984,46,57.08,month-to-month,electronic-check,0,0
C001985,43,48.21,two-year,bank-transfer,0,1
C001986,64,72.64,two-year,electronic-check,0,0
C001987,67,85.16,month-to-month,electronic-check,0,0
C001988,17,28.93,month-to-month,bank-transfer,0,0
C001989,15,44.14,two-year,electronic-check,0,0
C001990,40,87.97,two-year,credit-card,2,1
C001991,50,57.06,one-year,credit-card,0,1
C001992,16,95.41,two-year,electronic-check,3,0
C001993,39,63.28,month-to-month,electronic-check,0,0
C001994,41,95.09,month-to-month,credit-card,0,0
C001995,19,109.42,month-to-month,credit-card,0,0
C001996,53,59.96,one-year,credit-card,0,0
C001997,8,100.8,two-year,electronic-check,1,0
C001998,4,61.34,month-to-month,electronic-check,0,1
C001999,28,53.81,two-year,electronic-check,0,0
C002000,68,27.04,two-year,bank-transfer,0,0
C002001,31,119.85,one-year,bank-transfer,0,0
C002002,30,75.41,two-year,bank-transfer,0,0
C002003,55,37.24,two-year,credit-card,0,0
C002004,12,30.21,one-year,electronic-check,1,0
C002005,8,23.82,month-to-month,bank-transfer,0,0
C002006,10,80.5,two-year,credit-card,0,0
C002007,46,90.61,two-year,bank-transfer,0,0
C002008,51,53.48,one-year,bank-transfer,0,1
C002009,1,60.03,two-year,bank-transfer,0,0
C002010,50,109.01,month-to-month,electronic-check,0,1
C002011,51,109.1,one-year,bank-transfer,0,0
C002012,34,38.4,month-to-month,credit-card,0,0
C002013,69,107.36,two-year,electronic-check,0,0
C002014,54,81.91,month-to-month,bank-transfer,0,1
C002015,39,45.36,one-year,electronic-check,2,0
C002016,16,43.31,month-to-month,credit-card,3,1
C002017,26,52.15,one-year,bank-transfer,3,0
C002018,66,110.82,one-year,bank-transfer,0,0
C002019,56,32.4,two-year,bank-transfer,1,0
C002020,22,41.64,one-year,credit-card,0,0
C002021,66,102.04,two-year,electronic-check,0,0
C002022,57,69.46,two-year,electronic-check,0,0
C002023,17,55.7,month-to-month,electronic-check,0,0
C002024,10,113.22,month-to-month,electronic-check,0,1
C002025,15,100.63,one-year,credit-card,4,0
C002026,2,70.86,two-year,bank-transfer,1,0
C002027,36,77.1,two-year,electronic-check,2,0
C002028,54,97.26,month-to-month,bank-transfer,0,1
C002029,41,100.81,month-to-month,credit-card,0,0
C002030,13,105.78,one-year,credit-card,1,0
C002031,49,63.28,one-year,electronic-check,1,0
C002032,55,94.11,two-year,credit-card,1,0
C002033,39,81.62,two-year,bank-transfer,0,0
C002034,37,33.69,one-year,electronic-check,1,0
C002035,68,70.48,month-to-month,bank-transfer,1,0
C002036,1,94.76,two-year,bank-transfer,0,0
C002037,43,62.78,month-to-month,bank-transfer,0,0
C002038,3,47.73,two-year,electronic-check,0,0
C002039,21,44.94,two-year,electronic-check,2,0
C002040,66,66.83,two-year,credit-card,2,0
C002041,16,84.98,two-year,credit-card,0,0
C002042,28,83.38,one-year,credit-card,1,0
C002043,51,85.23,one-year,electronic-check,0,0
C002044,23,51.22,month-to-month,credit-card,0,1
C002045,52,58.54,two-year,bank-transfer,0,0
C002046,59,107.87,one-year,credit-card,0,0
C002047,29,84.04,month-to-month,credit-card,5,0
C002048,65,54.45,month-to-month,electronic-check,0,1
C002049,49,81.35,two-year,bank-transfer,0,0
C002050,18,79.2,two-year,bank-transfer,2,0
C002051,70,52.92,one-year,bank-transfer,3,0
C002052,56,60.45,one-year,bank-transfer,0,0
C002053,22,27.88,one-year,electronic-check,1,0
C002054,62,86.98,two-year,bank-transfer,1,0
C002055,69,58.25,month-to-month,bank-transfer,0,1
C002056,44,106.33,month-to-month,bank-transfer,0,1
C002057,17,73.69,one-year,electronic-check,0,0
C002058,34,54.38,one-year,bank-transfer,1,0
C002059,71,37.56,month-to-month,electronic-check,0,0
C002060,39,71.55,two-year,bank-transfer,1,0
C002061,16,58.55,two-year,bank-transfer,0,0
C002062,45,47.28,month-to-month,credit-card,0,1
C002063,72,24.54,one-year,electronic-check,0,0
C002064,57,52.95,two-year,credit-card,0,0
C002065,19,74.43,month-to-month,credit-card,1,1
C002066,1,107.42,one-year,credit-card,0,0
C002067,10,118.95,one-year,bank-transfer,1,0
C002068,68,60.62,month-to-month,electronic-check,0,1
C002069,38,65.1,one-year,electronic-check,1,1
C002070,69,22.77,one-year,credit-card,2,0
C002071,18,118.18,two-year,electronic-check,2,0
C002072,22,28.57,month-to-month,credit-card,2,1
C002073,38,48.59,two-year,electronic-check,0,0
C002074,14,109.85,month-to-month,credit-card,1,0
C002075,34,38.86,month-to-month,bank-transfer,0,1
C002076,16,104.45,two-year,credit-card,0,0
C002077,66,48.82,two-year,electronic-check,0,0
C002078,50,52.29,month-to-month,electronic-check,0,0
C002079,64,117.68,two-year,credit-card,0,0
C002080,12,110.78,month-to-month,credit-card,2,0
C002081,27,54.07,two-year,bank-transfer,0,0
C002082,12,110.15,one-year,electronic-check,0,0
C002083,17,37.41,two-year,credit-card,0,0
C002084,12,30.21,month-to-month,electronic-check,0,1
C002085,16,82.02,one-year,electronic-check,0,0
C002086,60,26.33,two-year,bank-transfer,0,0
C002087,51,87.94,one-year,electronic-check,0,0
C002088,55,95.53,one-year,credit-card,1,0
C002089,29,42.67,month-to-month,bank-transfer,0,0
C002090,4,34.73,month-to-month,bank-transfer,2,0
C002091,56,78.0,one-year,credit-card,0,0
C002092,55,105.12,one-year,electronic-check,0,0
C002093,48,57.12,month-to-month,bank-transfer,0,1
C002094,13,79.51,two-year,bank-transfer,0,0
C002095,2,31.97,two-year,credit-card,0,0
C002096,64,77.54,month-to-month,credit-card,3,0
C002097,10,115.65,one-year,credit-card,0,0
C002098,66,89.07,month-to-month,credit-card,0,0
C002099,72,109.85,two-year,bank-transfer,0,0
C002100,60,79.98,one-year,credit-card,0,1
C002101,33,103.15,one-year,electronic-check,1,0
C002102,2,26.25,two-year,bank-transfer,0,0
C002103,18,21.57,one-year,credit-card,1,0
C002104,55,45.37,two-year,credit-card,5,0
C002105,22,63.78,two-year,electronic-check,0,0
C002106,28,63.02,month-to-month,credit-card,0,1
C002107,45,66.53,two-year,bank-transfer,0,0
C002108,28,28.42,one-year,electronic-check,0,0
C002109,17,80.24,one-year,bank-transfer,0,0
C002110,40,73.04,month-to-month,credit-card,0,0
C002111,25,34.52,two-year,electronic-check,0,0
C002112,9,53.32,one-year,bank-transfer,0,0
C002113,19,108.96,month-to-month,bank-transfer,0,1
C002114,42,29.08,one-year,credit-card,0,0
C002115,51,96.57,one-year,electronic-check,1,0
C002116,64,100.71,month-to-month,credit-card,0,0
C002117,65,106.21,two-year,electronic-check,0,0
C002118,68,31.09,month-to-month,bank-transfer,0,1
C002119,17,81.75,one-year,credit-card,0,0
C002120,40,81.25,month-to-month,electronic-check,3,0
C002121,15,24.0,month-to-month,credit-card,0,0
C002122,50,24.1,two-year,bank-transfer,0,0
C002123,17,28.25,one-year,electronic-check,0,0
C002124,16,61.16,two-year,credit-card,0,0
C002125,3,75.62,one-year,credit-card,0,1
C002126,36,62.07,month-to-month,credit-card,2,0
C002127,66,104.95,two-year,credit-card,0,0
C002128,27,95.51,two-year,bank-transfer,0,0
C002129,65,77.68,one-year,credit-card,0,0
C002130,19,50.0,one-year,electronic-check,0,0
C002131,8,103.97,one-year,electronic-check,1,0
C002132,43,117.69,month-to-month,bank-transfer,0,0
C002133,24,67.92,one-year,bank-transfer,0,1
C002134,44,32.53,one-year,electronic-check,2,0
C002135,9,43.18,month-to-month,bank-transfer,3,0
C002136,4,43.46,one-year,electronic-check,0,0
C002137,66,94.36,two-year,bank-transfer,0,0
C002138,1,54.92,month-to-month,credit-card,2,0
C002139,31,48.36,one-year,credit-card,0,1
C002140,33,47.92,two-year,electronic-check,1,0
C002141,47,33.99,two-year,electronic-check,2,0
C002142,33,28.6,two-year,bank-transfer,1,0
C002143,36,111.53,month-to-month,credit-card,1,1
C002144,40,66.45,two-year,bank-transfer,2,0
C002145,27,69.2,two-year,credit-card,0,0
C002146,71,38.41,month-to-month,electronic-check,2,1
C002147,28,60.88,month-to-month,bank-transfer,0,1
C002148,17,78.27,month-to-month,credit-card,0,0
C002149,71,117.17,one-year,credit-card,4,1
C002150,43,108.9,one-year,credit-card,0,0
C002151,3,92.3,two-year,bank-transfer,1,0
C002152,18,90.53,two-year,credit-card,0,0
C002153,12,43.38,two-year,bank-transfer,1,0
C002154,34,87.43,two-year,bank-transfer,0,0
C002155,1,42.17,one-year,electronic-check,0,0
C002156,19,85.23,month-to-month,credit-card,0,0
C002157,37,103.81,month-to-month,electronic-check,2,0
C002158,11,75.79,month-to-month,electronic-check,0,1
C002159,56,102.83,one-year,bank-transfer,1,0
C002160,25,109.82,two-year,credit-card,0,0
C002161,27,85.15,month-to-month,bank-transfer,0,1
C002162,10,26.07,one-year,credit-card,2,0
C002163,11,90.07,one-year,electronic-check,0,0
C002164,15,118.9,month-to-month,credit-card,2,1
C002165,68,52.84,month-to-month,credit-card,0,1
C002166,15,89.48,two-year,credit-card,1,0
C002167,69,101.06,month-to-month,electronic-check,1,0
C002168,65,119.69,month-to-month,bank-transfer,2,0
C002169,41,81.98,two-year,electronic-check,1,0
C002170,46,65.78,month-to-month,bank-transfer,0,0
C002171,51,75.52,month-to-month,bank-transfer,0,0
C002172,16,62.04,two-year,bank-transfer,0,0
C002173,55,77.55,month-to-month,electronic-check,0,0
C002174,8,50.59,month-to-month,bank-transfer,0,1
C002175,39,32.29,two-year,credit-card,1,0
C002176,23,44.28,two-year,credit-card,1,1
C002177,22,65.02,two-year,credit-card,1,0
C002178,21,59.97,month-to-month,electronic-check,1,1
C002179,3,47.16,one-year,credit-card,0,0
C002180,14,21.39,one-year,electronic-check,0,0
C002181,38,44.49,month-to-month,credit-card,1,1
C002182,69,45.35,one-year,electronic-check,0,1
C002183,60,33.16,two-year,electronic-check,2,0
C002184,22,74.73,one-year,electronic-check,0,0
C002185,72,71.33,two-year,credit-card,0,0
C002186,56,46.12,two-year,bank-transfer,2,0
C002187,1,32.43,two-year,electronic-check,0,0
C002188,39,23.12,month-to-month,electronic-check,0,1
C002189,20,20.23,month-to-month,electronic-check,0,0
C002190,33,33.47,two-year,electronic-check,0,0
C002191,12,91.05,two-year,credit-card,1,0
C002192,39,67.35,month-to-month,bank-transfer,1,1
C002193,53,96.07,month-to-month,credit-card,0,1
C002194,39,61.35,month-to-month,electronic-check,0,1
C002195,44,51.84,one-year,credit-card,0,0
C002196,57,85.32,one-year,bank-transfer,0,0
C002197,47,104.27,month-to-month,bank-transfer,0,0
C002198,69,45.17,one-year,credit-card,0,0
C002199,8,110.22,month-to-month,credit-card,0,0
C002200,45,108.72,one-year,bank-transfer,0,0
C002201,12,34.83,month-to-month,credit-card,0,0
C002202,58,106.63,two-year,credit-card,2,0
C002203,70,22.72,two-year,bank-transfer,0,0
C002204,15,34.77,one-year,electronic-check,0,0
C002205,51,84.0,one-year,credit-card,0,0
C002206,24,89.16,two-year,electronic-check,2,0
C002207,70,34.31,month-to-month,credit-card,0,0
C002208,57,86.3,one-year,credit-card,0,1
C002209,22,54.81,one-year,bank-transfer,0,0
C002210,33,24.92,month-to-month,bank-transfer,0,1
C002211,52,74.31,two-year,electronic-check,0,0
C002212,24,34.31,month-to-month,credit-card,0,1
C002213,22,39.97,one-year,electronic-check,0,1
C002214,35,64.76,one-year,credit-card,0,0
C002215,48,90.97,month-to-month,bank-transfer,0,0
C002216,33,67.21,month-to-month,credit-card,1,0
C002217,22,108.67,month-to-month,credit-card,0,1
C002218,12,115.75,one-year,electronic-check,1,0
C002219,50,22.16,month-to-month,electronic-check,0,0
C002220,31,87.39,month-to-month,bank-transfer,0,0
C002221,32,119.55,month-to-month,bank-transfer,1,0
C002222,62,109.75,one-year,bank-transfer,1,0
C002223,23,81.31,two-year,electronic-check,0,0
C002224,29,77.08,two-year,bank-transfer,1,0
C002225,49,89.18,one-year,bank-transfer,0,0
C002226,49,118.67,two-year,bank-transfer,1,0
C002227,31,58.78,two-year,bank-transfer,0,0
C002228,1,46.05,one-year,credit-card,1,0
C002229,45,41.89,one-year,bank-transfer,0,0
C002230,57,47.08,two-year,bank-transfer,0,0
C002231,49,59.99,two-year,electronic-check,0,0
C002232,2,106.31,month-to-month,electronic-check,0,1
C002233,19,38.92,one-year,bank-transfer,3,0
C002234,19,119.26,one-year,credit-card,3,0
C002235,65,118.83,month-to-month,electronic-check,0,0
C002236,49,52.21,two-year,bank-transfer,0,0
C002237,38,115.62,one-year,electronic-check,0,1
C002238,4,38.52,two-year,bank-transfer,0,1
C002239,52,111.37,two-year,bank-transfer,1,0
C002240,69,88.69,two-year,credit-card,1,0
C002241,16,40.95,one-year,credit-card,0,0
C002242,38,22.35,month-to-month,electronic-check,2,0
C002243,46,39.82,month-to-month,credit-card,0,0
C002244,43,53.74,one-year,bank-transfer,2,1
C002245,48,36.65,two-year,bank-transfer,0,0
C002246,72,29.78,one-year,bank-transfer,0,1
C002247,27,113.65,month-to-month,electronic-check,1,1
C002248,7,50.11,two-year,credit-card,0,0
C002249,19,99.05,month-to-month,credit-card,0,0
C002250,22,91.08,two-year,electronic-check,0,0
C002251,49,74.25,month-to-month,electronic-check,0,1
C002252,59,75.26,one-year,credit-card,0,0
C002253,71,40.16,one-year,electronic-check,0,0
C002254,13,54.4,month-to-month,credit-card,0,0
C002255,22,72.17,one-year,credit-card,0,0
C002256,2,119.01,month-to-month,credit-card,0,1
C002257,22,30.03,month-to-month,bank-transfer,0,1
C002258,43,39.23,month-to-month,electronic-check,2,0
C002259,19,70.63,two-year,credit-card,0,0
C002260,31,56.2,month-to-month,bank-transfer,0,1
C002261,55,34.56,month-to-month,bank-transfer,0,0
C002262,32,20.51,one-year,bank-transfer,1,0
C002263,11,64.1,one-year,bank-transfer,1,0
C002264,52,58.17,two-year,credit-card,0,0
C002265,6,63.03,one-year,bank-transfer,0,0
C002266,18,69.68,one-year,electronic-check,0,0
C002267,2,41.13,one-year,credit-card,0,0
C002268,6,25.41,one-year,bank-transfer,0,0
C002269,17,42.0,month-to-month,electronic-check,0,1
C002270,64,56.82,month-to-month,bank-transfer,0,1
C002271,29,81.91,month-to-month,bank-transfer,1,0
C002272,7,100.83,one-year,credit-card,0,0
C002273,72,36.72,two-year,bank-transfer,0,0
C002274,29,65.07,two-year,electronic-check,0,1
C002275,37,47.21,two-year,bank-transfer,0,0
C002276,50,77.34,two-year,electronic-check,0,0
C002277,3,81.36,two-year,credit-card,0,0
C002278,32,52.24,month-to-month,electronic-check,0,0
C002279,47,81.75,two-year,bank-transfer,2,0
C002280,53,51.58,one-year,electronic-check,0,0
C002281,50,70.83,two-year,electronic-check,0,0
C002282,3,56.37,two-year,bank-transfer,0,0
C002283,17,74.32,month-to-month,credit-card,1,1
C002284,1,46.33,one-year,credit-card,0,0
C002285,26,42.4,one-year,electronic-check,0,1
C002286,27,111.47,one-year,electronic-check,0,1
C002287,43,32.51,one-year,bank-transfer,5,0
C002288,31,114.54,one-year,electronic-check,1,0
C002289,51,111.45,month-to-month,bank-transfer,2,0
C002290,27,77.97,month-to-month,bank-transfer,2,0
C002291,30,103.99,two-year,credit-card,0,0
C002292,71,99.57,month-to-month,bank-transfer,1,1
C002293,9,46.12,two-year,credit-card,0,0
C002294,35,36.02,month-to-month,electronic-check,0,0
C002295,22,35.24,two-year,credit-card,0,0
C002296,2,58.34,one-year,electronic-check,2,0
C002297,68,40.04,month-to-month,credit-card,0,1
C002298,67,89.28,one-year,credit-card,0,0
C002299,45,77.22,one-year,electronic-check,0,0
C002300,68,64.65,month-to-month,bank-transfer,0,0
C002301,23,91.77,month-to-month,bank-transfer,0,0
C002302,64,67.94,one-year,credit-card,2,0
C002303,27,114.23,month-to-month,electronic-check,0,0
C002304,10,61.89,two-year,bank-transfer,0,0
C002305,46,96.93,two-year,credit-card,0,0
C002306,17,108.22,two-year,bank-transfer,2,0
C002307,37,76.23,two-year,credit-card,0,0
C002308,29,110.87,two-year,electronic-check,0,0
C002309,30,80.27,two-year,electronic-check,2,0
C002310,72,62.54,two-year,electronic-check,3,0
C002311,43,49.92,month-to-month,electronic-check,0,1
C002312,13,25.7,one-year,credit-card,0,0
C002313,37,51.59,one-year,electronic-check,2,1
C002314,34,46.03,month-to-month,credit-card,0,0
C002315,15,73.55,month-to-month,electronic-check,0,1
C002316,66,58.48,one-year,bank-transfer,0,1
C002317,10,61.21,one-year,electronic-check,0,0
C002318,11,96.98,one-year,bank-transfer,0,0
C002319,65,33.38,month-to-month,credit-card,0,0
C002320,46,26.99,month-to-month,electronic-check,0,1
C002321,52,30.56,month-to-month,bank-transfer,4,1
C002322,42,20.83,one-year,credit-card,0,0
C002323,67,27.56,two-year,electronic-check,1,0
C002324,54,32.75,two-year,bank-transfer,1,0
C002325,59,94.93,month-to-month,electronic-check,0,0
C002326,68,29.13,month-to-month,credit-card,0,1
C002327,66,40.96,month-to-month,electronic-check,0,0
C002328,39,111.32,two-year,credit-card,0,0
C002329,54,85.46,month-to-month,bank-transfer,0,0
C002330,55,111.74,two-year,electronic-check,1,0
C002331,58,98.28,month-to-month,credit-card,0,0
C002332,57,47.63,one-year,bank-transfer,0,0
C002333,15,42.26,one-year,bank-transfer,1,0
C002334,69,35.4,one-year,electronic-check,0,0
C002335,25,65.03,two-year,bank-transfer,2,0
C002336,54,94.97,two-year,bank-transfer,0,0
C002337,72,95.18,two-year,electronic-check,0,0
C002338,45,33.02,two-year,credit-card,0,0
C002339,36,49.07,one-year,electronic-check,0,0
C002340,48,73.14,month-to-month,electronic-check,1,1
C002341,2,86.06,two-year,electronic-check,0,0
C002342,29,85.32,two-year,bank-transfer,0,0
C002343,33,68.96,two-year,bank-transfer,0,0
C002344,16,95.29,one-year,bank-transfer,0,0
C002345,63,72.91,month-to-month,bank-transfer,0,1
C002346,18,63.42,month-to-month,credit-card,1,1
C002347,66,117.56,one-year,bank-transfer,0,0
C002348,35,64.04,two-year,bank-transfer,0,0
C002349,70,108.11,two-year,credit-card,0,0
C002350,20,56.03,one-year,bank-transfer,0,1
C002351,39,24.54,two-year,electronic-check,0,0
C002352,21,52.59,two-year,electronic-check,0,0
C002353,26,51.21,two-year,credit-card,0,0
C002354,41,74.78,month-to-month,bank-transfer,1,0
C002355,10,67.01,two-year,credit-card,2,0
C002356,66,38.37,one-year,electronic-check,0,0
C002357,55,66.17,two-year,credit-card,0,0
C002358,33,87.58,one-year,credit-card,0,0
C002359,13,23.31,one-year,electronic-check,0,0
C002360,27,52.03,two-year,credit-card,4,0
C002361,7,40.0,month-to-month,credit-card,0,0
C002362,37,87.19,two-year,bank-transfer,0,0
C002363,72,90.45,two-year,credit-card,3,0
C002364,11,43.29,month-to-month,bank-transfer,0,1
C002365,44,71.17,one-year,electronic-check,2,0
C002366,71,114.5,two-year,bank-transfer,0,0
C002367,40,61.55,two-year,bank-transfer,0,0
C002368,12,93.4,one-year,bank-transfer,0,0
C002369,15,52.99,month-to-month,bank-transfer,2,0
C002370,67,51.74,two-year,bank-transfer,3,0
C002371,7,34.88,two-year,electronic-check,1,1
C002372,23,20.29,month-to-month,credit-card,4,1
C002373,41,68.52,month-to-month,bank-transfer,0,0
C002374,34,69.86,one-year,bank-transfer,2,1
C002375,44,119.34,one-year,credit-card,0,0
C002376,65,40.2,month-to-month,electronic-check,1,0
C002377,60,25.27,month-to-month,electronic-check,0,1
C002378,71,90.76,one-year,bank-transfer,0,0
C002379,23,34.42,one-year,electronic-check,3,0
C002380,49,39.89,two-year,electronic-check,0,0
C002381,9,99.51,one-year,bank-transfer,0,0
C002382,56,35.23,two-year,electronic-check,0,0
C002383,65,113.78,month-to-month,credit-card,0,1
C002384,17,67.53,month-to-month,credit-card,0,0
C002385,71,49.37,two-year,credit-card,0,0
C002386,21,62.22,month-to-month,bank-transfer,0,0
C002387,69,100.92,one-year,electronic-check,2,1
C002388,35,100.9,month-to-month,bank-transfer,0,0
C002389,61,91.39,one-year,bank-transfer,2,0
C002390,41,108.39,two-year,electronic-check,0,0
C002391,28,91.48,month-to-month,credit-card,0,1
C002392,29,54.18,month-to-month,electronic-check,1,1
C002393,32,113.81,two-year,credit-card,0,0
C002394,34,80.89,month-to-month,credit-card,1,1
C002395,46,51.5,two-year,electronic-check,1,0
C002396,42,101.25,month-to-month,credit-card,1,1
C002397,66,113.3,two-year,bank-transfer,1,0
C002398,39,69.02,one-year,credit-card,0,0
C002399,48,22.17,two-year,electronic-check,0,0
C002400,60,83.91,one-year,credit-card,0,0
C002401,38,68.86,two-year,bank-transfer,0,0
C002402,30,52.91,month-to-month,bank-transfer,0,0
C002403,28,113.58,month-to-month,credit-card,0,0
C002404,71,112.84,month-to-month,electronic-check,5,1
C002405,23,72.96,two-year,electronic-check,0,0
C002406,56,46.65,one-year,credit-card,0,0
C002407,32,112.21,one-year,electronic-check,1,0
C002408,17,119.75,month-to-month,bank-transfer,1,0
C002409,25,35.8,two-year,electronic-check,2,0
C002410,45,87.65,one-year,bank-transfer,0,0
C002411,36,91.12,two-year,credit-card,0,0
C002412,3,95.04,two-year,electronic-check,0,0
C002413,59,94.6,one-year,bank-transfer,0,1
C002414,33,79.31,one-year,electronic-check,0,0
C002415,10,102.29,one-year,electronic-check,0,0
C002416,35,62.84,month-to-month,electronic-check,0,1
C002417,10,40.0,month-to-month,electronic-check,1,0
C002418,57,118.66,month-to-month,credit-card,0,1
C002419,11,93.69,two-year,credit-card,1,0
C002420,6,91.06,two-year,electronic-check,0,0
C002421,42,75.53,one-year,electronic-check,0,0
C002422,67,74.85,month-to-month,electronic-check,0,0
C002423,65,95.37,one-year,credit-card,1,0
C002424,29,38.57,month-to-month,electronic-check,0,0
C002425,15,25.31,month-to-month,electronic-check,0,1
C002426,14,34.27,month-to-month,credit-card,0,0
C002427,1,21.3,two-year,credit-card,0,1
C002428,25,37.45,one-year,electronic-check,0,1
C002429,8,32.93,two-year,credit-card,1,0
C002430,58,34.28,two-year,credit-card,5,0
C002431,56,78.43,two-year,bank-transfer,0,0
C002432,70,53.5,month-to-month,electronic-check,1,1
C002433,64,58.01,month-to-month,credit-card,0,1
C002434,18,118.34,one-year,electronic-check,0,0
C002435,9,114.48,month-to-month,electronic-check,1,1
C002436,27,71.27,month-to-month,credit-card,0,0
C002437,35,111.35,two-year,credit-card,0,0
C002438,14,77.64,month-to-month,electronic-check,1,1
C002439,27,22.52,two-year,electronic-check,0,0
C002440,65,66.73,one-year,electronic-check,1,0
C002441,7,40.12,month-to-month,bank-transfer,0,0
C002442,24,50.05,one-year,bank-transfer,3,0
C002443,41,74.62,one-year,bank-transfer,0,0
C002444,6,64.98,two-year,credit-card,0,0
C002445,8,50.17,one-year,credit-card,0,0
C002446,43,85.24,two-year,bank-transfer,0,0
C002447,53,53.21,month-to-month,bank-transfer,0,1
C002448,32,66.56,one-year,bank-transfer,1,0
C002449,29,101.06,one-year,credit-card,0,0
C002450,47,72.46,one-year,bank-transfer,0,0
C002451,31,23.38,month-to-month,bank-transfer,0,1
C002452,50,40.25,one-year,credit-card,0,0
C002453,68,56.5,two-year,credit-card,1,0
C002454,55,84.86,two-year,credit-card,0,0
C002455,69,39.07,one-year,credit-card,4,0
C002456,15,98.89,two-year,credit-card,0,0
C002457,63,50.51,month-to-month,electronic-check,0,1
C002458,25,95.47,month-to-month,bank-transfer,1,1
C002459,38,80.61,month-to-month,electronic-check,0,0
C002460,31,109.77,one-year,credit-card,0,0
C002461,33,46.9,two-year,electronic-check,1,0
C002462,66,71.67,two-year,credit-card,1,0
C002463,59,81.49,month-to-month,electronic-check,3,0
C002464,25,90.5,month-to-month,bank-transfer,0,0
C002465,7,35.61,one-year,credit-card,0,0
C002466,66,117.05,one-year,credit-card,2,0
C002467,58,79.94,two-year,credit-card,1,0
C002468,1,47.21,month-to-month,electronic-check,0,1
C002469,24,21.68,one-year,credit-card,0,0
C002470,31,50.12,one-year,credit-card,2,0
C002471,47,26.58,two-year,credit-card,0,0
C002472,29,50.05,one-year,credit-card,0,0
C002473,11,111.86,two-year,electronic-check,1,0
C002474,49,91.93,one-year,electronic-check,0,0
C002475,58,95.5,two-year,credit-card,0,0
C002476,29,84.52,two-year,bank-transfer,1,0
C002477,7,83.61,two-year,credit-card,0,0
C002478,71,61.92,month-to-month,electronic-check,0,0
C002479,22,60.48,two-year,electronic-check,0,0
C002480,2,64.21,month-to-month,bank-transfer,0,0
C002481,4,62.8,month-to-month,bank-transfer,0,1
C002482,57,108.45,one-year,bank-transfer,0,0
C002483,69,85.35,one-year,electronic-check,0,0
C002484,56,91.89,two-year,electronic-check,1,0
C002485,71,26.7,one-year,electronic-check,0,0
C002486,30,86.87,two-year,bank-transfer,0,0
C002487,33,43.53,month-to-month,bank-transfer,1,1
C002488,42,83.81,month-to-month,bank-transfer,0,1
C002489,18,109.62,two-year,bank-transfer,0,0
C002490,10,104.54,month-to-month,bank-transfer,3,0
C002491,18,25.11,one-year,bank-transfer,0,0
C002492,38,114.42,one-year,bank-transfer,0,0
C002493,2,79.42,two-year,electronic-check,0,1
C002494,19,99.54,month-to-month,credit-card,0,0
C002495,28,49.19,two-year,bank-transfer,1,0
C002496,5,66.52,two-year,electronic-check,0,0
C002497,52,76.55,one-year,credit-card,0,0
C002498,9,115.36,two-year,bank-transfer,1,0
C002499,39,25.95,month-to-month,bank-transfer,1,1
C002500,4,25.45,two-year,bank-transfer,0,0
C002501,43,85.75,month-to-month,electronic-check,1,1
C002502,12,106.92,one-year,credit-card,0,0
C002503,28,40.27,one-year,credit-card,0,0
C002504,23,49.75,one-year,bank-transfer,0,0
C002505,36,108.34,two-year,electronic-check,1,0
C002506,45,38.79,two-year,credit-card,0,0
C002507,67,90.04,two-year,electronic-check,0,0
C002508,65,35.84,one-year,credit-card,0,0
C002509,17,21.95,one-year,bank-transfer,0,1
C002510,46,91.97,two-year,credit-card,0,0
C002511,59,42.83,month-to-month,electronic-check,0,0
C002512,63,89.71,one-year,electronic-check,0,0
C002513,55,99.44,one-year,bank-transfer,0,0
C002514,64,79.79,two-year,bank-transfer,0,0
C002515,68,51.98,month-to-month,credit-card,0,0
C002516,53,88.55,two-year,credit-card,0,0
C002517,63,88.91,one-year,bank-transfer,0,0
C002518,14,64.54,one-year,credit-card,0,0
C002519,62,57.39,two-year,bank-transfer,1,0
C002520,31,87.07,month-to-month,electronic-check,3,1
C002521,39,42.48,one-year,electronic-check,0,1
C002522,40,72.37,one-year,bank-transfer,0,0
C002523,40,49.9,month-to-month,credit-card,0,0
C002524,3,88.47,month-to-month,credit-card,0,0
C002525,44,110.33,two-year,credit-card,1,0
C002526,23,115.32,month-to-month,bank-transfer,0,0
C002527,35,102.04,two-year,bank-transfer,1,0
C002528,42,99.1,two-year,electronic-check,2,0
C002529,57,35.55,two-year,bank-transfer,3,0
C002530,47,32.0,month-to-month,credit-card,0,0
C002531,30,59.79,two-year,credit-card,2,0
C002532,64,33.01,two-year,bank-transfer,5,0
C002533,19,106.15,one-year,bank-transfer,0,1
C002534,50,57.0,one-year,credit-card,3,0
C002535,1,96.68,two-year,bank-transfer,0,0
C002536,60,99.55,month-to-month,bank-transfer,0,1
C002537,35,48.55,two-year,credit-card,2,0
C002538,60,86.96,one-year,bank-transfer,2,0
C002539,4,64.09,two-year,electronic-check,3,0
C002540,20,113.95,one-year,electronic-check,0,0
C002541,63,42.27,month-to-month,bank-transfer,1,0
C002542,28,48.97,one-year,bank-transfer,1,0
C002543,5,20.58,two-year,bank-transfer,0,0
C002544,18,53.89,two-year,bank-transfer,0,0
C002545,56,81.05,month-to-month,credit-card,2,0
C002546,2,31.14,two-year,electronic-check,0,0
C002547,33,37.94,one-year,electronic-check,0,1
C002548,45,85.74,one-year,electronic-check,0,0
C002549,48,51.32,month-to-month,bank-transfer,0,0
C002550,54,112.91,two-year,credit-card,0,0
C002551,8,78.26,two-year,credit-card,0,0
C002552,21,87.09,one-year,electronic-check,0,0
C002553,30,37.73,month-to-month,electronic-check,2,1
C002554,29,101.05,two-year,bank-transfer,0,0
C002555,51,109.31,two-year,electronic-check,1,0
C002556,45,34.07,month-to-month,bank-transfer,0,1
C002557,55,62.75,month-to-month,bank-transfer,3,1
C002558,63,72.96,one-year,electronic-check,1,0
C002559,24,111.0,one-year,electronic-check,0,0
C002560,41,29.0,month-to-month,electronic-check,0,1
C002561,46,56.93,one-year,credit-card,0,0
C002562,47,49.67,two-year,bank-transfer,0,0
C002563,29,97.75,two-year,bank-transfer,0,0
C002564,58,102.48,two-year,bank-transfer,0,0
C002565,8,117.99,month-to-month,credit-card,2,0
C002566,32,79.37,one-year,bank-transfer,0,0
C002567,39,92.21,one-year,bank-transfer,0,0
C002568,19,42.95,two-year,credit-card,0,0
C002569,48,100.03,month-to-month,credit-card,0,0
C002570,50,75.6,one-year,electronic-check,0,0
C002571,72,86.76,month-to-month,bank-transfer,0,1
C002572,10,75.74,month-to-month,bank-transfer,0,0
C002573,50,43.63,two-year,bank-transfer,0,0
C002574,36,76.83,month-to-month,electronic-check,0,0
C002575,33,46.16,month-to-month,credit-card,0,0
C002576,54,57.03,one-year,electronic-check,0,0
C002577,39,29.92,month-to-month,electronic-check,0,0
C002578,32,48.63,two-year,bank-transfer,0,0
C002579,70,84.71,one-year,bank-transfer,0,1
C002580,61,41.1,two-year,bank-transfer,0,0
C002581,53,40.74,one-year,bank-transfer,0,0
C002582,43,37.35,one-year,credit-card,0,0
C002583,15,57.45,one-year,electronic-check,0,0
C002584,5,113.7,month-to-month,bank-transfer,3,1
C002585,39,118.01,one-year,bank-transfer,0,0
C002586,29,79.02,month-to-month,electronic-check,3,1
C002587,7,64.98,one-year,credit-card,0,0
C002588,67,72.31,month-to-month,bank-transfer,0,1
C002589,3,25.14,one-year,electronic-check,0,0
C002590,56,93.5,one-year,credit-card,0,0
C002591,48,89.65,month-to-month,credit-card,0,1
C002592,16,55.14,one-year,electronic-check,0,0
C002593,40,28.11,one-year,electronic-check,1,0
C002594,16,22.3,month-to-month,electronic-check,0,0
C002595,41,40.79,month-to-month,bank-transfer,0,0
C002596,29,108.74,month-to-month,bank-transfer,0,0
C002597,17,38.91,month-to-month,credit-card,2,1
C002598,16,41.36,month-to-month,credit-card,0,0
C002599,53,87.08,one-year,credit-card,0,0
C002600,22,35.34,two-year,bank-transfer,0,0
C002601,11,111.74,month-to-month,credit-card,0,1
C002602,16,86.44,two-year,credit-card,3,0
C002603,52,62.18,month-to-month,electronic-check,2,1
C002604,11,33.34,one-year,electronic-check,0,1
C002605,51,83.43,one-year,electronic-check,1,0
C002606,22,101.24,month-to-month,bank-transfer,0,1
C002607,11,79.43,month-to-month,electronic-check,0,1
C002608,24,88.66,two-year,credit-card,0,0
C002609,16,40.23,one-year,credit-card,0,0
C002610,26,60.13,two-year,credit-card,3,0
C002611,1,25.97,two-year,bank-transfer,0,0
C002612,47,65.18,one-year,bank-transfer,0,1
C002613,16,112.14,one-year,bank-transfer,1,0
C002614,46,116.02,two-year,credit-card,0,0
C002615,68,64.17,two-year,bank-transfer,0,0
C002616,3,27.11,month-to-month,electronic-check,3,0
C002617,30,51.4,month-to-month,credit-card,0,0
C002618,70,60.19,month-to-month,credit-card,1,0
C002619,58,94.9,two-year,bank-transfer,2,0
C002620,29,54.71,one-year,bank-transfer,0,0
C002621,17,114.99,two-year,credit-card,0,0
C002622,28,65.73,one-year,electronic-check,0,0
C002623,49,27.91,one-year,bank-transfer,0,0
C002624,17,68.65,one-year,electronic-check,0,0
C002625,23,28.06,two-year,bank-transfer,0,0
C002626,24,78.99,month-to-month,bank-transfer,0,0
C002627,67,108.17,one-year,bank-transfer,0,0
C002628,50,29.58,one-year,bank-transfer,5,0
C002629,33,48.63,one-year,electronic-check,0,0
C002630,29,32.62,month-to-month,credit-card,0,1
C002631,32,23.13,one-year,electronic-check,0,0
C002632,53,35.57,two-year,credit-card,0,0
C002633,29,43.23,two-year,electronic-check,0,0
C002634,25,31.12,one-year,electronic-check,0,0
C002635,30,94.58,two-year,credit-card,0,0
C002636,1,49.5,one-year,credit-card,1,0
C002637,12,83.62,two-year,credit-card,1,0
C002638,57,70.46,month-to-month,bank-transfer,0,1
C002639,47,79.78,two-year,electronic-check,0,0
C002640,14,54.38,two-year,bank-transfer,0,0
C002641,60,52.7,one-year,electronic-check,0,0
C002642,38,83.48,one-year,bank-transfer,0,0
C002643,52,29.11,two-year,electronic-check,0,0
C002644,11,28.52,one-year,bank-transfer,0,0
C002645,71,73.67,month-to-month,credit-card,0,1
C002646,25,52.87,month-to-month,bank-transfer,0,1
C002647,42,65.67,month-to-month,bank-transfer,0,1
C002648,40,94.94,month-to-month,credit-card,0,1
C002649,42,48.25,one-year,credit-card,5,0
C002650,24,58.01,one-year,electronic-check,0,0
C002651,1,29.69,two-year,credit-card,1,0
C002652,62,109.0,two-year,credit-card,0,0
C002653,58,83.97,two-year,bank-transfer,1,0
C002654,57,75.91,month-to-month,electronic-check,1,0
C002655,20,62.13,one-year,bank-transfer,3,0
C002656,13,81.84,two-year,electronic-check,0,0
C002657,28,107.57,month-to-month,credit-card,2,1
C002658,38,47.52,month-to-month,bank-transfer,0,0
C002659,33,29.1,one-year,credit-card,0,0
C002660,14,42.86,one-year,bank-transfer,3,0
C002661,22,62.05,month-to-month,credit-card,0,1
C002662,66,117.83,two-year,credit-card,0,0
C002663,47,80.1,one-year,credit-card,0,0
C002664,69,32.75,one-year,bank-transfer,0,0
C002665,7,102.98,month-to-month,credit-card,2,1
C002666,4,65.04,one-year,electronic-check,3,0
C002667,39,56.31,two-year,bank-transfer,1,0
C002668,16,53.56,two-year,electronic-check,3,0
C002669,63,58.75,two-year,electronic-check,0,0
C002670,65,60.9,month-to-month,credit-card,0,0
C002671,32,31.45,month-to-month,bank-transfer,0,0
C002672,13,65.71,one-year,bank-transfer,0,0
C002673,29,52.87,one-year,credit-card,0,0
C002674,40,67.77,one-year,bank-transfer,0,0
C002675,34,112.29,two-year,credit-card,1,0
C002676,54,57.45,month-to-month,electronic-check,0,1
C002677,19,81.37,two-year,bank-transfer,3,0
C002678,36,103.55,one-year,bank-transfer,2,1
C002679,47,76.2,one-year,credit-card,2,0
C002680,54,101.92,one-year,bank-transfer,0,0
C002681,50,61.39,two-year,bank-transfer,0,1
C002682,64,98.58,one-year,electronic-check,3,0
C002683,8,111.67,two-year,credit-card,0,0
C002684,47,65.46,month-to-month,bank-transfer,0,0
C002685,59,30.1,one-year,bank-transfer,0,0
C002686,41,114.57,one-year,credit-card,1,0
C002687,51,77.28,one-year,electronic-check,0,1
C002688,45,113.48,one-year,electronic-check,1,1
C002689,44,21.91,month-to-month,electronic-check,1,0
C002690,57,105.69,one-year,electronic-check,0,0
C002691,6,82.09,two-year,bank-transfer,0,0
C002692,5,74.65,two-year,electronic-check,0,0
C002693,63,65.39,two-year,electronic-check,0,0
C002694,68,47.92,one-year,credit-card,2,0
C002695,69,45.79,two-year,credit-card,0,0
C002696,22,92.2,two-year,credit-card,1,0
C002697,18,98.15,two-year,electronic-check,0,0
C002698,64,88.48,one-year,electronic-check,0,0
C002699,21,88.4,one-year,electronic-check,0,0
C002700,6,84.11,month-to-month,bank-transfer,0,1
C002701,55,75.17,month-to-month,electronic-check,0,1
C002702,3,100.3,one-year,credit-card,2,0
C002703,52,48.38,two-year,bank-transfer,0,0
C002704,52,75.39,two-year,bank-transfer,0,0
C002705,45,75.27,one-year,credit-card,0,0
C002706,52,70.72,two-year,bank-transfer,0,0
C002707,61,82.9,two-year,credit-card,2,0
C002708,70,38.61,one-year,bank-transfer,0,0
C002709,67,46.23,month-to-month,bank-transfer,0,0
C002710,26,36.6,one-year,electronic-check,0,0
C002711,46,27.81,month-to-month,credit-card,0,1
C002712,52,39.62,one-year,credit-card,0,0
C002713,28,90.42,two-year,credit-card,1,0
C002714,46,74.17,month-to-month,bank-transfer,0,1
C002715,15,110.74,one-year,bank-transfer,0,0
C002716,17,49.15,two-year,credit-card,0,0
C002717,35,119.61,one-year,credit-card,0,0
C002718,17,57.54,month-to-month,electronic-check,0,0
C002719,5,56.11,month-to-month,electronic-check,0,0
C002720,8,114.12,one-year,bank-transfer,0,0
C002721,13,78.84,one-year,credit-card,0,0
C002722,1,58.35,month-to-month,electronic-check,2,1
C002723,19,67.22,month-to-month,credit-card,2,0
C002724,16,23.23,month-to-month,electronic-check,0,1
C002725,56,52.16,one-year,electronic-check,1,0
C002726,50,86.9,month-to-month,electronic-check,0,1
C002727,66,100.3,month-to-month,bank-transfer,0,1
C002728,36,76.81,month-to-month,electronic-check,0,0
C002729,31,84.18,month-to-month,credit-card,0,1
C002730,28,116.19,two-year,electronic-check,0,0
C002731,60,43.53,month-to-month,credit-card,1,0
C002732,71,29.56,month-to-month,bank-transfer,1,1
C002733,6,116.1,two-year,bank-transfer,0,0
C002734,32,100.94,month-to-month,bank-transfer,0,1
C002735,72,92.9,one-year,bank-transfer,0,0
C002736,68,41.0,two-year,bank-transfer,3,0
C002737,6,71.36,two-year,bank-transfer,0,0
C002738,7,91.94,one-year,credit-card,0,0
C002739,49,94.72,month-to-month,credit-card,0,0
C002740,55,35.66,two-year,bank-transfer,0,0
C002741,53,29.19,month-to-month,credit-card,0,0
C002742,40,83.62,month-to-month,bank-transfer,3,1
C002743,62,119.43,month-to-month,bank-transfer,0,0
C002744,30,83.83,one-year,bank-transfer,0,1
C002745,36,32.73,month-to-month,electronic-check,0,1
C002746,5,34.5,month-to-month,electronic-check,2,0
C002747,66,99.73,two-year,bank-transfer,0,0
C002748,28,102.43,month-to-month,bank-transfer,1,0
C002749,71,69.96,one-year,electronic-check,3,1
C002750,59,42.29,one-year,credit-card,0,1
C002751,3,48.35,two-year,bank-transfer,0,0
C002752,54,56.73,month-to-month,electronic-check,0,0
C002753,27,118.84,month-to-month,credit-card,0,0
C002754,23,52.34,one-year,credit-card,0,0
C002755,33,32.28,one-year,bank-transfer,1,0
C002756,11,77.44,one-year,electronic-check,0,0
C002757,41,86.97,month-to-month,credit-card,0,0
C002758,47,43.72,month-to-month,electronic-check,0,0
C002759,48,53.02,one-year,credit-card,0,0
C002760,58,84.8,two-year,bank-transfer,0,0
C002761,14,92.32,month-to-month,bank-transfer,0,1
C002762,33,80.97,month-to-month,credit-card,0,0
C002763,24,27.4,month-to-month,bank-transfer,1,0
C002764,65,95.88,month-to-month,bank-transfer,0,1
C002765,41,39.54,one-year,credit-card,0,0
C002766,29,80.12,one-year,credit-card,2,0
C002767,36,108.79,month-to-month,bank-transfer,1,1
C002768,62,68.42,two-year,electronic-check,0,0
C002769,70,51.33,month-to-month,bank-transfer,0,1
C002770,3,63.26,month-to-month,credit-card,0,1
C002771,48,71.76,one-year,electronic-check,0,0
C002772,23,88.54,one-year,credit-card,0,0
C002773,56,46.61,month-to-month,credit-card,0,1
C002774,1,52.41,month-to-month,bank-transfer,1,1
C002775,4,82.82,month-to-month,credit-card,1,1
C002776,57,22.37,two-year,electronic-check,0,0
C002777,52,98.97,month-to-month,bank-transfer,0,0
C002778,30,61.67,month-to-month,credit-card,0,0
C002779,31,39.49,month-to-month,credit-card,1,1
C002780,64,71.16,two-year,electronic-check,0,0
C002781,57,95.15,one-year,bank-transfer,0,0
C002782,38,59.59,one-year,credit-card,1,0
C002783,69,103.21,month-to-month,bank-transfer,0,1
C002784,27,103.38,one-year,bank-transfer,0,0
C002785,43,48.36,two-year,credit-card,0,0
C002786,3,42.93,month-to-month,credit-card,0,0
C002787,8,55.34,month-to-month,credit-card,0,1
C002788,1,46.14,two-year,electronic-check,0,0
C002789,66,52.43,month-to-month,electronic-check,0,0
C002790,30,52.25,month-to-month,electronic-check,2,0
C002791,15,74.66,two-year,bank-transfer,0,0
C002792,19,116.12,one-year,credit-card,0,0
C002793,17,29.51,month-to-month,electronic-check,2,0
C002794,6,56.44,month-to-month,credit-card,3,1
C002795,62,57.59,month-to-month,bank-transfer,0,0
C002796,54,83.39,two-year,credit-card,0,0
C002797,39,71.96,two-year,credit-card,0,0
C002798,42,112.68,one-year,credit-card,0,0
C002799,65,60.94,month-to-month,bank-transfer,0,0
C002800,22,31.9,one-year,bank-transfer,0,0
C002801,17,70.12,month-to-month,bank-transfer,0,1
C002802,36,98.41,one-year,electronic-check,0,0
C002803,37,100.71,one-year,credit-card,0,0
C002804,6,64.51,two-year,bank-transfer,1,0
C002805,70,72.73,two-year,credit-card,0,0
C002806,3,87.12,one-year,credit-card,1,0
C002807,49,57.64,two-year,bank-transfer,1,0
C002808,1,109.35,month-to-month,credit-card,0,1
C002809,34,59.87,one-year,credit-card,0,0
C002810,13,59.28,month-to-month,bank-transfer,0,0
C002811,14,41.78,month-to-month,electronic-check,0,1
C002812,30,106.23,one-year,electronic-check,0,0
C002813,42,92.45,one-year,credit-card,0,1
C002814,45,106.18,two-year,electronic-check,1,0
C002815,6,57.14,two-year,electronic-check,2,0
C002816,43,118.81,month-to-month,electronic-check,0,0
C002817,54,101.7,two-year,credit-card,0,0
C002818,30,80.61,one-year,electronic-check,2,0
C002819,47,102.01,one-year,bank-transfer,0,0
C002820,24,106.7,month-to-month,electronic-check,0,0
C002821,9,108.32,one-year,bank-transfer,2,0
C002822,5,42.25,one-year,bank-transfer,0,0
C002823,62,76.61,month-to-month,electronic-check,0,1
C002824,42,25.15,month-to-month,bank-transfer,1,0
C002825,1,62.31,two-year,bank-transfer,0,0
C002826,23,85.94,two-year,credit-card,0,0
C002827,53,73.44,two-year,electronic-check,0,0
C002828,66,41.36,month-to-month,electronic-check,0,0
C002829,64,117.02,two-year,electronic-check,4,0
C002830,62,76.24,two-year,bank-transfer,0,0
C002831,71,71.33,two-year,electronic-check,4,0
C002832,41,70.89,two-year,electronic-check,0,0
C002833,65,27.49,one-year,bank-transfer,0,0
C002834,69,53.53,one-year,electronic-check,0,0
C002835,72,78.47,one-year,bank-transfer,0,0
C002836,1,31.03,month-to-month,electronic-check,0,0
C002837,67,24.87,two-year,credit-card,0,0
C002838,59,115.56,one-year,electronic-check,0,0
C002839,46,35.31,two-year,credit-card,0,0
C002840,16,114.72,one-year,bank-transfer,0,0
C002841,39,55.81,one-year,bank-transfer,1,0
C002842,64,103.21,two-year,electronic-check,0,0
C002843,28,84.31,one-year,bank-transfer,2,0
C002844,23,38.37,two-year,electronic-check,1,0
C002845,18,99.02,two-year,credit-card,1,0
C002846,34,103.55,one-year,bank-transfer,0,0
C002847,56,96.43,one-year,electronic-check,0,0
C002848,60,24.71,month-to-month,electronic-check,1,1
C002849,60,80.03,month-to-month,credit-card,0,0
C002850,63,108.18,one-year,credit-card,1,0
C002851,34,88.97,one-year,credit-card,0,0
C002852,25,101.51,two-year,electronic-check,0,1
C002853,34,108.3,month-to-month,bank-transfer,0,0
C002854,58,90.15,month-to-month,bank-transfer,0,0
C002855,10,117.97,one-year,credit-card,0,0
C002856,10,40.79,one-year,electronic-check,0,0
C002857,17,28.88,two-year,credit-card,0,0
C002858,4,42.22,two-year,electronic-check,1,0
C002859,54,61.56,month-to-month,credit-card,0,0
C002860,51,23.43,one-year,credit-card,0,0
C002861,62,101.92,two-year,credit-card,2,0
C002862,36,108.17,two-year,electronic-check,2,0
C002863,52,81.03,one-year,credit-card,3,0
C002864,35,28.45,month-to-month,electronic-check,2,1
C002865,64,82.64,one-year,bank-transfer,0,0
C002866,1,24.69,month-to-month,electronic-check,0,0
C002867,65,20.4,two-year,bank-transfer,3,0
C002868,42,24.33,one-year,bank-transfer,1,1
C002869,44,21.55,two-year,credit-card,0,0
C002870,11,26.87,month-to-month,credit-card,0,1
C002871,54,87.48,month-to-month,bank-transfer,0,1
C002872,14,88.95,month-to-month,credit-card,2,0
C002873,8,35.93,month-to-month,credit-card,0,0
C002874,35,51.52,one-year,bank-transfer,1,0
C002875,60,111.92,month-to-month,electronic-check,0,1
C002876,49,85.16,month-to-month,credit-card,0,1
C002877,40,117.62,month-to-month,credit-card,0,0
C002878,66,107.38,month-to-month,electronic-check,1,1
C002879,35,32.95,two-year,credit-card,0,0
C002880,31,74.32,one-year,electronic-check,3,0
C002881,12,113.24,two-year,credit-card,1,0
C002882,32,82.42,one-year,electronic-check,0,0
C002883,45,63.98,one-year,credit-card,0,0
C002884,44,85.24,month-to-month,credit-card,0,0
C002885,44,38.12,one-year,credit-card,1,0
C002886,16,118.13,one-year,electronic-check,0,1
C002887,46,46.65,month-to-month,electronic-check,0,0
C002888,50,111.23,month-to-month,credit-card,0,0
C002889,48,64.46,one-year,bank-transfer,0,0
C002890,17,84.35,month-to-month,bank-transfer,1,1
C002891,13,48.13,one-year,bank-transfer,2,0
C002892,54,31.06,month-to-month,electronic-check,0,1
C002893,55,41.81,one-year,bank-transfer,1,0
C002894,59,58.02,one-year,bank-transfer,0,0
C002895,22,74.84,one-year,bank-transfer,0,0
C002896,28,102.44,month-to-month,bank-transfer,2,0
C002897,24,39.7,one-year,electronic-check,0,0
C002898,68,20.1,month-to-month,electronic-check,0,1
C002899,20,108.74,two-year,bank-transfer,0,0
C002900,56,35.66,two-year,bank-transfer,0,0
C002901,56,102.67,one-year,electronic-check,0,0
C002902,66,76.76,two-year,bank-transfer,0,0
C002903,41,54.35,two-year,bank-transfer,0,0
C002904,69,42.85,two-year,electronic-check,0,0
C002905,9,77.17,two-year,credit-card,1,0
C002906,6,71.01,month-to-month,credit-card,0,0
C002907,29,112.14,month-to-month,electronic-check,0,0
C002908,54,82.35,one-year,electronic-check,0,1
C002909,55,111.82,month-to-month,bank-transfer,0,1
C002910,72,78.2,one-year,electronic-check,0,1
C002911,59,55.45,one-year,bank-transfer,0,0
C002912,69,36.43,month-to-month,electronic-check,0,1
C002913,67,54.81,month-to-month,electronic-check,1,0
C002914,49,71.88,two-year,bank-transfer,1,0
C002915,7,99.39,month-to-month,electronic-check,1,1
C002916,38,110.45,month-to-month,credit-card,0,1
C002917,64,39.07,month-to-month,credit-card,1,1
C002918,9,40.32,month-to-month,bank-transfer,0,1
C002919,3,24.48,one-year,credit-card,3,0
C002920,50,98.64,month-to-month,electronic-check,3,0
C002921,56,84.41,month-to-month,bank-transfer,0,0
C002922,61,104.55,one-year,credit-card,1,1
C002923,28,110.09,one-year,credit-card,0,0
C002924,68,60.54,one-year,electronic-check,0,0
C002925,63,85.65,one-year,credit-card,2,0
C002926,30,50.2,two-year,credit-card,0,0
C002927,58,41.87,month-to-month,credit-card,1,0
C002928,19,37.28,month-to-month,credit-card,1,0
C002929,25,114.34,two-year,credit-card,0,0
C002930,20,52.25,one-year,credit-card,1,0
C002931,51,110.09,one-year,credit-card,0,1
C002932,36,103.18,two-year,credit-card,1,0
C002933,40,45.15,month-to-month,electronic-check,0,1
C002934,53,114.63,month-to-month,bank-transfer,2,0
C002935,15,70.0,month-to-month,electronic-check,3,1
C002936,24,114.81,one-year,credit-card,0,1
C002937,31,108.2,two-year,bank-transfer,0,0
C002938,50,22.43,month-to-month,bank-transfer,1,0
C002939,44,77.8,month-to-month,bank-transfer,0,1
C002940,55,50.08,month-to-month,electronic-check,3,0
C002941,17,21.05,two-year,credit-card,1,0
C002942,49,56.41,month-to-month,credit-card,3,1
C002943,39,79.07,month-to-month,bank-transfer,0,1
C002944,62,87.46,month-to-month,credit-card,0,0
C002945,37,30.47,month-to-month,credit-card,3,0
C002946,4,82.54,one-year,electronic-check,0,0
C002947,15,32.53,month-to-month,bank-transfer,0,0
C002948,47,72.42,one-year,bank-transfer,0,0
C002949,9,30.43,month-to-month,bank-transfer,0,0
C002950,58,99.91,one-year,credit-card,0,0
C002951,53,90.43,one-year,credit-card,0,0
C002952,66,119.13,two-year,bank-transfer,0,0
C002953,70,111.39,month-to-month,electronic-check,0,1
C002954,21,51.98,month-to-month,credit-card,0,0
C002955,42,114.2,month-to-month,electronic-check,0,1
C002956,9,88.96,month-to-month,electronic-check,1,1
C002957,50,29.95,one-year,electronic-check,0,0
C002958,60,110.01,one-year,bank-transfer,0,0
C002959,44,87.53,two-year,credit-card,0,0
C002960,25,20.64,month-to-month,electronic-check,0,0
C002961,56,87.93,month-to-month,electronic-check,0,0
C002962,47,20.5,one-year,bank-transfer,0,0
C002963,51,95.83,month-to-month,credit-card,0,0
C002964,5,105.11,one-year,electronic-check,0,0
C002965,12,59.71,two-year,bank-transfer,1,0
C002966,53,56.76,two-year,electronic-check,2,0
C002967,14,45.12,one-year,credit-card,0,0
C002968,53,51.04,one-year,electronic-check,0,0
C002969,43,71.12,two-year,electronic-check,0,0
C002970,38,70.45,one-year,bank-transfer,1,0
C002971,19,79.09,month-to-month,bank-transfer,2,1
C002972,66,70.8,month-to-month,bank-transfer,0,1
C002973,5,87.47,month-to-month,electronic-check,0,1
C002974,64,23.48,month-to-month,bank-transfer,3,0
C002975,16,81.42,month-to-month,electronic-check,0,0
C002976,19,61.75,one-year,electronic-check,0,0
C002977,14,115.28,one-year,electronic-check,0,0
C002978,30,101.71,one-year,credit-card,2,1
C002979,71,81.08,month-to-month,electronic-check,0,1
C002980,48,54.95,two-year,electronic-check,0,0
C002981,38,69.76,one-year,electronic-check,0,0
C002982,69,102.72,two-year,credit-card,0,0
C002983,39,76.05,two-year,credit-card,0,0
C002984,37,111.5,two-year,credit-card,1,0
C002985,49,83.62,one-year,bank-transfer,1,0
C002986,60,67.6,two-year,credit-card,0,0
C002987,1,59.5,two-year,electronic-check,0,0
C002988,50,39.21,one-year,credit-card,0,0
C002989,28,25.27,one-year,electronic-check,1,0
C002990,12,39.38,month-to-month,electronic-check,0,0
C002991,36,47.58,month-to-month,bank-transfer,0,1
C002992,4,104.19,month-to-month,credit-card,0,0
C002993,20,92.61,two-year,bank-transfer,0,0
C002994,14,66.36,two-year,electronic-check,0,0
C002995,38,97.6,month-to-month,bank-transfer,0,0
C002996,66,110.55,month-to-month,bank-transfer,0,0
C002997,40,54.49,one-year,bank-transfer,4,0
C002998,67,87.78,month-to-month,credit-card,4,1
C002999,42,50.74,one-year,credit-card,2,0
